Crohn.Intolerance.2003.2004.bib	15180183	iron sucrose	Chemical Compound	cids06850789
Crohn.Intolerance.2003.2004.bib	15180183	erythropoietin	Genes/Proteins	ensrnop00000001914
Crohn.Intolerance.2003.2004.bib	15180183	inflammatory bowel disease	Disease	doid:0050589
Crohn.Intolerance.2003.2004.bib	15180183	anaemia	Disease	doid:2355
Crohn.Intolerance.2003.2004.bib	12940925	tioguanine	Chemical Compound	cids02723601
Crohn.Intolerance.2003.2004.bib	12940925	inflammatory bowel diseases	Disease	doid:0050589
Crohn.Intolerance.2003.2004.bib	12940925	azathioprine	Chemical Compound	cids00002265
Crohn.Intolerance.2003.2004.bib	12940925	aza)/mercaptopurine	Chemical Compound	cids45073553
Crohn.Intolerance.2003.2004.bib	12795467	crohn disease	Disease	doid:8778
Crohn.Intolerance.2003.2004.bib	12795467	lactose intolerance	Disease	doid:10604
Crohn.Intolerance.2003.2004.bib	12795467	lactasephlorizin hydrolase	Genes/Proteins	ensp00000264162
Crohn.Intolerance.2003.2004.bib	12795467	adult	Tissue	bto:0001043
Crohn.Intolerance.2003.2004.bib	12795467	inflammatory bowel disease	Disease	doid:0050589
Crohn.Intolerance.2003.2004.bib	12786630	inflammatory bowel disease	Disease	doid:0050589
Crohn.Intolerance.2003.2004.bib	12786630	mycophenolate mofetil	Chemical Compound	cids05281078
Crohn.Intolerance.2003.2004.bib	14743878	ulcerative colitis	Disease	doid:8577
Crohn.Intolerance.2003.2004.bib	14743878	crohn disease	Disease	doid:8778
Crohn.Intolerance.2003.2004.bib	14743878	helicobacter pylori	Organism	210
Crohn.Intolerance.2003.2004.bib	14743878	humans	Organism	9605
Crohn.Intolerance.2003.2004.bib	14743878	lactobacillus gg	Organism	568703
Crohn.Intolerance.2003.2004.bib	14743878	saccharomyces	Organism	4930
Crohn.Intolerance.2003.2004.bib	14743878	lactobacilli	Organism	1578
Crohn.Intolerance.2003.2004.bib	14743878	colorectal cancer	Disease	doid:9256
Crohn.Intolerance.2003.2004.bib	14743878	escherichia coli	Organism	562
Crohn.Intolerance.2003.2004.bib	14743878	lactose	Chemical Compound	cids00006134
Crohn.Intolerance.2003.2004.bib	14743878	lactobacillus reuteri	Organism	1598
Crohn.Intolerance.2003.2004.bib	14743878	diarrhoea	Disease	doid:13250
Crohn.Intolerance.2003.2004.bib	14743878	irritable bowel syndrome	Disease	doid:9778
Crohn.Intolerance.2003.2004.bib	14743878	constipation	Disease	doid:2089
Crohn.Intolerance.2003.2004.bib	14743878	rota-virus	Organism	10912
Crohn.Intolerance.2003.2004.bib	14743878	inflammatory bowel disease	Disease	doid:0050589
Crohn.Intolerance.2003.2004.bib	14743878	disease	Disease	doid:4
Crohn.Intolerance.2003.2004.bib	12823147	tioguanine	Chemical Compound	cids02723601
Crohn.Intolerance.2003.2004.bib	12823147	disease	Disease	doid:4
Crohn.Intolerance.2003.2004.bib	12622758	mercaptopurine	Chemical Compound	cids57172079
Crohn.Intolerance.2003.2004.bib	12622758	thioguanine	Chemical Compound	cids02723601
Crohn.Intolerance.2003.2004.bib	12622758	azathioprine	Chemical Compound	cids00002265
Crohn.Intolerance.2003.2004.bib	12622758	disease	Disease	doid:4
Crohn.Intolerance.2003.2004.bib	12964814	lactose	Chemical Compound	cids00006134
Crohn.Intolerance.2003.2004.bib	12964814	cut-off	Environment	envo:00000523
Crohn.Intolerance.2003.2004.bib	12964814	celiac disease	Disease	doid:10608
Crohn.Intolerance.2003.2004.bib	12964814	lactase activity	Molecular Function	go:0000016
Crohn.Intolerance.2003.2004.bib	12964814	ileum	Tissue	bto:0000620
Crohn.Intolerance.2003.2004.bib	12964814	duodenal	Tissue	bto:0000365
Crohn.Intolerance.2003.2004.bib	12964814	raffinose	Chemical Compound	cids00439242
Crohn.Intolerance.2003.2004.bib	12964814	disease	Disease	doid:4
Crohn.Intolerance.2003.2004.bib	15167706	6-mercaptopurine	Chemical Compound	cids00667490
Crohn.Intolerance.2003.2004.bib	15167706	itpa	Genes/Proteins	ensdarp00000074674
Crohn.Intolerance.2003.2004.bib	15167706	thiopurine methyltransferase	Genes/Proteins	ensmusp00000021806
Crohn.Intolerance.2003.2004.bib	15167706	inosine triphosphate pyrophosphatase	Genes/Proteins	ensbtap00000018301
Crohn.Intolerance.2003.2004.bib	15167706	tpmt	Genes/Proteins	ensbtap00000025698
Crohn.Intolerance.2003.2004.bib	15167706	itpase	Genes/Proteins	ensp00000369456
Crohn.Intolerance.2003.2004.bib	15167706	inflammatory bowel disease	Disease	doid:0050589
Crohn.Intolerance.2003.2004.bib	15167706	6-thio-imp	Chemical Compound	cids03034391
Crohn.Intolerance.2003.2004.bib	15167706	azathioprine	Chemical Compound	cids00002265
Crohn.Intolerance.2003.2004.bib	15447761	tnf	Molecular Function	go:0005164
Crohn.Intolerance.2003.2004.bib	15447761	necrosis	Biological Process	go:0019835
Crohn.Intolerance.2003.2004.bib	15447761	human	Organism	9606
Crohn.Intolerance.2003.2004.bib	15447761	disease	Disease	doid:4
Crohn.Intolerance.1995.1996.bib	7797828	disease	Disease	doid:4
Crohn.Intolerance.1995.1996.bib	7797828	flare	Genes/Proteins	fbpp0075581
Crohn.Intolerance.1995.1996.bib	7797828	cyclosporine	Chemical Compound	cids05280754
Crohn.Intolerance.1995.1996.bib	8983411	inflammatory bowel disease	Disease	doid:0050589
Crohn.Intolerance.1995.1996.bib	8983411	metabolism	Biological Process	go:0008152
Crohn.Intolerance.1995.1996.bib	8983411	hospital	Environment	envo:00002173
Crohn.Intolerance.2009.2010.bib	19709098	czp	Chemical Compound	cids05288014
Crohn.Intolerance.2009.2010.bib	19709098	disease	Disease	doid:4
Crohn.Intolerance.2009.2010.bib	18799369	6-thioguanine (6-tg	Chemical Compound	cids02723601
Crohn.Intolerance.2009.2010.bib	18799369	thiopurine	Chemical Compound	cids00667490
Crohn.Intolerance.2009.2010.bib	18799369	inflammatory bowel disease	Disease	doid:0050589
Crohn.Intolerance.2009.2010.bib	18799369	azathioprine	Chemical Compound	cids00002265
Crohn.Intolerance.2009.2010.bib	20205331	tumor necrosis factor-alpha	Genes/Proteins	ensmusp00000025263
Crohn.Intolerance.2009.2010.bib	20205331	tnf-alpha	Genes/Proteins	fbpp0087493
Crohn.Intolerance.2009.2010.bib	20205331	human	Organism	9606
Crohn.Intolerance.2009.2010.bib	20205331	disease	Disease	doid:4
Crohn.Intolerance.2009.2010.bib	18680195	ascending colon	Tissue	bto:0000270
Crohn.Intolerance.2009.2010.bib	18680195	budesonide	Chemical Compound	cids05281004
Crohn.Intolerance.2009.2010.bib	18680195	ileum	Tissue	bto:0000620
Crohn.Intolerance.2009.2010.bib	18680195	disease	Disease	doid:4
Crohn.Intolerance.2009.2010.bib	21122576	disease	Disease	doid:4
Crohn.Intolerance.2009.2010.bib	20108987	ulcerative colitis	Disease	doid:8577
Crohn.Intolerance.2009.2010.bib	20108987	necrosis	Biological Process	go:0019835
Crohn.Intolerance.2009.2010.bib	20108987	gastrointestinal tract	Tissue	bto:0000511
Crohn.Intolerance.2009.2010.bib	20108987	mucosal	Tissue	bto:0000886
Crohn.Intolerance.2009.2010.bib	20108987	disease	Disease	doid:4
Crohn.Intolerance.2009.2010.bib	20108987	inflammatory bowel disease	Disease	doid:0050589
Crohn.Intolerance.2009.2010.bib	19408339	inflammatory bowel disease	Disease	doid:0050589
Crohn.Intolerance.2009.2010.bib	20451331	lactase	Genes/Proteins	ensbtap00000020185
Crohn.Intolerance.2009.2010.bib	20451331	lactose intolerance	Disease	doid:10604
Crohn.Intolerance.2009.2010.bib	20451331	disease	Disease	doid:4
Crohn.Intolerance.2009.2010.bib	20451331	mycobacterium avium subsp. paratuberculosis	Organism	1770
Crohn.Intolerance.2009.2010.bib	20451331	host responses	Biological Process	go:0075136
Crohn.Intolerance.2009.2010.bib	20451331	innate immunity	Biological Process	go:0045087
Crohn.Intolerance.2009.2010.bib	20451331	human	Organism	9606
Crohn.Intolerance.2009.2010.bib	20451331	mycobacterial	Organism	1763
Crohn.Intolerance.2009.2010.bib	20451331	horse	Organism	9796
Crohn.Intolerance.2009.2010.bib	20451331	inflammatory bowel disease	Disease	doid:0050589
Crohn.Intolerance.2009.2010.bib	20451331	pathogenesis	Biological Process	go:0009405
Crohn.Intolerance.2009.2010.bib	20451331	type i diabetes	Disease	doid:9744
Crohn.Intolerance.2009.2010.bib	20451331	inflammatory response	Biological Process	go:0006954
Crohn.Intolerance.2009.2010.bib	20451331	cattle	Organism	9913
Crohn.Intolerance.2009.2010.bib	20451331	intestine	Tissue	bto:0000648
Crohn.Intolerance.2009.2010.bib	20451331	lactose	Chemical Compound	cids00084571
Crohn.Intolerance.2009.2010.bib	19416134	disease	Disease	doid:4
Crohn.Intolerance.2009.2010.bib	21122509	fungi	Organism	4751
Crohn.Intolerance.2009.2010.bib	21122509	bacteria	Organism	1869227
Crohn.Intolerance.2009.2010.bib	21122509	methotrexate	Chemical Compound	cids00126941
Crohn.Intolerance.2009.2010.bib	21122509	chest	Tissue	bto:0001368
Crohn.Intolerance.2009.2010.bib	21122509	hospital	Environment	envo:00002173
Crohn.Intolerance.2009.2010.bib	21122509	rheumatoid arthritis	Disease	doid:7148
Crohn.Intolerance.2009.2010.bib	21122509	disease	Disease	doid:4
Crohn.Intolerance.2009.2010.bib	21122509	lung	Tissue	bto:0000763
Crohn.Intolerance.2009.2010.bib	19035976	disease	Disease	doid:4
Crohn.Intolerance.2009.2010.bib	19724267	necrosis	Biological Process	go:0019835
Crohn.Intolerance.2009.2010.bib	19724267	immunoglobulin	Cellular Component	go:0019814
Crohn.Intolerance.2009.2010.bib	19724267	disease	Disease	doid:4
Crohn.Intolerance.2009.2010.bib	20049077	calcium	Genes/Proteins	fbpp0088134
Crohn.Intolerance.2009.2010.bib	20049077	vitamin b12	Chemical Compound	cids16212801
Crohn.Intolerance.2009.2010.bib	20049077	small intestine	Tissue	bto:0000651
Crohn.Intolerance.2009.2010.bib	20049077	folic acid	Chemical Compound	cids00003405
Crohn.Intolerance.2009.2010.bib	20049077	ulcerative colitis	Disease	doid:8577
Crohn.Intolerance.2009.2010.bib	20049077	hospital	Environment	envo:00002173
Crohn.Intolerance.2009.2010.bib	20049077	vitamin d	Chemical Compound	cids05280795
Crohn.Intolerance.2009.2010.bib	20049077	inflammatory bowel diseases	Disease	doid:0050589
Crohn.Intolerance.2009.2010.bib	20049077	acute pancreatitis	Disease	doid:2913
Crohn.Intolerance.2009.2010.bib	20049077	ileus	Disease	doid:8440
Crohn.Intolerance.2009.2010.bib	20049077	disease	Disease	doid:4
Crohn.Intolerance.2009.2010.bib	20049077	ascites	Tissue	bto:0000091
Crohn.Intolerance.2009.2010.bib	19340901	mycophenolate mofetil (mmf	Chemical Compound	cids00004271
Crohn.Intolerance.2009.2010.bib	19340901	inflammatory bowel disease	Disease	doid:0050589
Crohn.Intolerance.2009.2010.bib	20509281	disease	Disease	doid:4
Crohn.Intolerance.2009.2010.bib	19412004	thiopurine	Chemical Compound	cids00667490
Crohn.Intolerance.2009.2010.bib	19412004	crohn disease	Disease	doid:8778
Crohn.Intolerance.2009.2010.bib	19412004	adult	Tissue	bto:0001043
Crohn.Intolerance.2009.2010.bib	19412004	methotrexate	Chemical Compound	cids00126941
Crohn.Intolerance.2009.2010.bib	20079322	tnfalpha	Genes/Proteins	ensgalp00000005086
Crohn.Intolerance.2009.2010.bib	20079322	disease	Disease	doid:4
Crohn.Intolerance.2005.2006.bib	15654785	disease	Disease	doid:4
Crohn.Intolerance.2005.2006.bib	16151547	methotrexate	Chemical Compound	cids00126941
Crohn.Intolerance.2005.2006.bib	16151547	disease	Disease	doid:4
Crohn.Intolerance.2005.2006.bib	16151547	azathioprine	Chemical Compound	cids00002265
Crohn.Intolerance.2005.2006.bib	16151547	6-mp	Chemical Compound	cids00667490
Crohn.Intolerance.2005.2006.bib	16918876	thiopurine	Chemical Compound	cids00667490
Crohn.Intolerance.2005.2006.bib	15841714	6-mercaptopurine	Chemical Compound	cids00667490
Crohn.Intolerance.2005.2006.bib	15841714	inflammatory bowel diseases	Disease	doid:0050589
Crohn.Intolerance.2005.2006.bib	15841714	azathioprine	Chemical Compound	cids00002265
Crohn.Intolerance.2005.2006.bib	16608628	short bowel syndrome	Disease	doid:10605
Crohn.Intolerance.2005.2006.bib	16608628	crohn disease	Disease	doid:8778
Crohn.Intolerance.2005.2006.bib	16608628	toxic megacolon	Disease	doid:1770
Crohn.Intolerance.2005.2006.bib	16608628	stenosis	Genes/Proteins	fbpp0302999
Crohn.Intolerance.2005.2006.bib	16608628	colon	Organism	1542223
Crohn.Intolerance.2005.2006.bib	16608628	peritonitis	Disease	doid:8283
Crohn.Intolerance.2005.2006.bib	16608628	bowel	Tissue	bto:0000648
Crohn.Intolerance.2005.2006.bib	16608628	disease	Disease	doid:4
Crohn.Intolerance.2005.2006.bib	17206940	anaemia	Disease	doid:2355
Crohn.Intolerance.2005.2006.bib	17206940	disease	Disease	doid:4
Crohn.Intolerance.2005.2006.bib	16462538	disease	Disease	doid:4
Crohn.Intolerance.2005.2006.bib	16462538	genetic disease	Disease	doid:630
Crohn.Intolerance.2005.2006.bib	16247191	hypersensitivity	Biological Process	go:0002524
Crohn.Intolerance.2005.2006.bib	16247191	allergic	Disease	doid:3310
Crohn.Intolerance.2005.2006.bib	16247191	inflammatory bowel syndrome	Disease	doid:0050589
Crohn.Intolerance.2005.2006.bib	16247191	salicylic acid	Chemical Compound	cids00000338
Crohn.Intolerance.2005.2006.bib	16247191	diarrhea	Disease	doid:13250
Crohn.Intolerance.2005.2006.bib	16247191	gastrointestinal disease	Disease	doid:77
Crohn.Intolerance.2005.2006.bib	16247191	disease	Disease	doid:4
Crohn.Intolerance.2005.2006.bib	17129813	card15	Genes/Proteins	ensp00000300589
Crohn.Intolerance.2005.2006.bib	17129813	saccharomyces cerevisiae	Organism	4932
Crohn.Intolerance.2005.2006.bib	17129813	antineutrophil cytoplasmic antibody	Chemical Compound	cids00002201
Crohn.Intolerance.2005.2006.bib	17129813	human	Organism	9606
Crohn.Intolerance.2005.2006.bib	17129813	disease	Disease	doid:4
Crohn.Intolerance.2005.2006.bib	16963353	ulcerative colitis	Disease	doid:8577
Crohn.Intolerance.2005.2006.bib	16963353	juice	Tissue	bto:0000659
Crohn.Intolerance.2005.2006.bib	16963353	bananas	Organism	89151
Crohn.Intolerance.2005.2006.bib	16963353	citrus	Organism	2706
Crohn.Intolerance.2005.2006.bib	16963353	cabbage	Organism	3716
Crohn.Intolerance.2005.2006.bib	16963353	diarrhea	Disease	doid:13250
Crohn.Intolerance.2005.2006.bib	16963353	potato	Organism	4113
Crohn.Intolerance.2005.2006.bib	16963353	ileal	Tissue	bto:0000620
Crohn.Intolerance.2005.2006.bib	16963353	fruits	Tissue	bto:0000486
Crohn.Intolerance.2005.2006.bib	17075346	6-mercaptopurine	Chemical Compound	cids00667490
Crohn.Intolerance.2005.2006.bib	17075346	disease	Disease	doid:4
Crohn.Intolerance.2005.2006.bib	17075346	azathioprine	Chemical Compound	cids00002265
Crohn.Intolerance.2005.2006.bib	17075346	methotrexate	Chemical Compound	cids00126941
Crohn.Intolerance.2005.2006.bib	16214825	itpa	Genes/Proteins	ensdarp00000074674
Crohn.Intolerance.2005.2006.bib	16214825	inosine triphosphatase	Genes/Proteins	ensp00000369456
Crohn.Intolerance.2005.2006.bib	16214825	thiopurine s-methyltransferase	Genes/Proteins	ensgalp00000030441
Crohn.Intolerance.2005.2006.bib	16214825	tpmt	Genes/Proteins	ensbtap00000025698
Crohn.Intolerance.2005.2006.bib	16214825	thiopurine	Chemical Compound	cids00667490
Crohn.Intolerance.2005.2006.bib	16214825	azathioprine	Chemical Compound	cids00002265
Crohn.Intolerance.2005.2006.bib	16214825	inflammatory bowel disease	Disease	doid:0050589
Crohn.Intolerance.2005.2006.bib	16214825	metabolism	Biological Process	go:0008152
Crohn.Intolerance.2015.2016.bib	26728773	disease	Disease	doid:4
Crohn.Intolerance.2015.2016.bib	26728773	ulcerative colitis	Disease	doid:8577
Crohn.Intolerance.2015.2016.bib	25812483	inflammatory bowel diseases	Disease	doid:0050589
Crohn.Intolerance.2015.2016.bib	25812483	ulcerative colitis	Disease	doid:8577
Crohn.Intolerance.2015.2016.bib	25812483	disease	Disease	doid:4
Crohn.Intolerance.2015.2016.bib	26000887	crohn disease	Disease	doid:8778
Crohn.Intolerance.2015.2016.bib	25547977	necrosis	Biological Process	go:0008219
Crohn.Intolerance.2015.2016.bib	25547977	disease	Disease	doid:4
Crohn.Intolerance.2015.2016.bib	25619903	colon	Organism	1542223
Crohn.Intolerance.2015.2016.bib	25619903	madcam-1	Genes/Proteins	ensgalp00000040905
Crohn.Intolerance.2015.2016.bib	25619903	binding	Molecular Function	go:0005488
Crohn.Intolerance.2015.2016.bib	25619903	bowel	Tissue	bto:0000648
Crohn.Intolerance.2015.2016.bib	25619903	integrins	Cellular Component	go:0008305
Crohn.Intolerance.2015.2016.bib	25619903	disease	Disease	doid:4
Crohn.Intolerance.2015.2016.bib	25619903	t lymphocytes	Tissue	bto:0000782
Crohn.Intolerance.2015.2016.bib	25652884	disease	Disease	doid:4
Crohn.Intolerance.2015.2016.bib	25652884	ulcerative colitis	Disease	doid:8577
Crohn.Intolerance.2015.2016.bib	25656249	methotrexate	Chemical Compound	cids00126941
Crohn.Intolerance.2015.2016.bib	25656249	disease	Disease	doid:4
Crohn.Intolerance.2015.2016.bib	25656249	thiopurine	Chemical Compound	cids00667490
Crohn.Intolerance.2015.2016.bib	27310969	c-reactive protein	Genes/Proteins	ensmusp00000044665
Crohn.Intolerance.2015.2016.bib	27310969	cerebrospinal fluid	Tissue	bto:0000237
Crohn.Intolerance.2015.2016.bib	27310969	crp	Genes/Proteins	ensbtap00000018469
Crohn.Intolerance.2015.2016.bib	27310969	crohn disease	Disease	doid:8778
Crohn.Intolerance.2015.2016.bib	27310969	rheumatoid arthritis	Disease	doid:7148
Crohn.Intolerance.2015.2016.bib	27310969	disease	Disease	doid:4
Crohn.Intolerance.2015.2016.bib	27310969	erythrocyte	Tissue	bto:0000424
Crohn.Intolerance.2015.2016.bib	27310969	brain	Tissue	bto:0000142
Crohn.Intolerance.2015.2016.bib	25909366	tnf	Genes/Proteins	ensrnop00000001114
Crohn.Intolerance.2015.2016.bib	25909366	necrosis	Biological Process	go:0019835
Crohn.Intolerance.2015.2016.bib	25909366	pyoderma gangrenosum	Disease	doid:8553
Crohn.Intolerance.2015.2016.bib	25909366	cyclosporin	Chemical Compound	cids06435893
Crohn.Intolerance.2015.2016.bib	25909366	tacrolimus	Chemical Compound	cids00445643
Crohn.Intolerance.2015.2016.bib	25909366	prednisone	Chemical Compound	cids00005865
Crohn.Intolerance.2015.2016.bib	25909366	allergy	Disease	doid:1205
Crohn.Intolerance.2015.2016.bib	25909366	disease	Disease	doid:4
Crohn.Intolerance.2015.2016.bib	27487545	6-mercaptopurine	Chemical Compound	cids00667490
Crohn.Intolerance.2015.2016.bib	27487545	ulcerative colitis	Disease	doid:8577
Crohn.Intolerance.2015.2016.bib	27487545	inflammatory bowel diseases	Disease	doid:0050589
Crohn.Intolerance.2015.2016.bib	27487545	azathioprine	Chemical Compound	cids00002265
Crohn.Intolerance.2015.2016.bib	27487545	m ethotrexate	Chemical Compound	cids00126941
Crohn.Intolerance.2015.2016.bib	27487545	disease	Disease	doid:4
Crohn.Intolerance.2015.2016.bib	26226934	disease	Disease	doid:4
Crohn.Intolerance.2015.2016.bib	26167079	thiopurine	Chemical Compound	cids00667490
Crohn.Intolerance.2015.2016.bib	26811648	mycobacterium avium	Organism	44454
Crohn.Intolerance.2015.2016.bib	26811648	bacteria	Organism	1869227
Crohn.Intolerance.2015.2016.bib	26811648	colon	Organism	1542223
Crohn.Intolerance.2015.2016.bib	26811648	rifamixin	Chemical Compound	cids06436173
Crohn.Intolerance.2015.2016.bib	26811648	disease	Disease	doid:4
Crohn.Intolerance.2015.2016.bib	26811648	bacteroides spp	Organism	29523
Crohn.Intolerance.2015.2016.bib	26811648	immune response	Biological Process	go:0006955
Crohn.Intolerance.2015.2016.bib	26811648	escherichia coli	Organism	562
Crohn.Intolerance.2015.2016.bib	26811648	inflammatory bowel disease	Disease	doid:0050589
Crohn.Intolerance.2015.2016.bib	26811648	pathogenesis	Biological Process	go:0009405
Crohn.Intolerance.2015.2016.bib	26811648	ciprofloxacin	Chemical Compound	cids00002764
Crohn.Intolerance.2015.2016.bib	26811648	metronidazole	Chemical Compound	cids00004173
Crohn.Intolerance.2015.2016.bib	26811648	ulcerative colitis	Disease	doid:8577
Crohn.Intolerance.2015.2016.bib	26811648	rifamycin	Chemical Compound	cids06324616
Crohn.Intolerance.2015.2016.bib	26811648	clostridium	Organism	1485
Crohn.Intolerance.2015.2016.bib	27480631	tnf	Genes/Proteins	ensrnop00000001114
Crohn.Intolerance.2015.2016.bib	27480631	necrosis	Biological Process	go:0019835
Crohn.Intolerance.2015.2016.bib	27480631	aminosalicylic	Chemical Compound	cids00004649
Crohn.Intolerance.2015.2016.bib	27480631	disease	Disease	doid:4
Crohn.Intolerance.2015.2016.bib	27132547	disease	Disease	doid:4
Crohn.Intolerance.2015.2016.bib	27132547	brain	Tissue	bto:0000142
Crohn.Intolerance.2015.2016.bib	26923312	tumor necrosis factor-alpha	Genes/Proteins	ensmusp00000025263
Crohn.Intolerance.2015.2016.bib	26923312	colon	Organism	1542223
Crohn.Intolerance.2015.2016.bib	26923312	intestines	Tissue	bto:0000648
Crohn.Intolerance.2015.2016.bib	26923312	human	Organism	9606
Crohn.Intolerance.2015.2016.bib	26923312	ileum	Tissue	bto:0000620
Crohn.Intolerance.2015.2016.bib	26923312	disease	Disease	doid:4
Crohn.Intolerance.2015.2016.bib	26923312	embryonic stem cell	Tissue	bto:0001086
Crohn.Intolerance.2015.2016.bib	26630041	mesalamine	Chemical Compound	cids00004075
Crohn.Intolerance.2015.2016.bib	26630041	disease	Disease	doid:4
Crohn.Intolerance.2015.2016.bib	25793902	disease	Disease	doid:4
Crohn.Intolerance.2015.2016.bib	25793902	inflammatory bowel disease	Disease	doid:0050589
Crohn.Intolerance.2013.2014.bib	23517175	hydrogen	Chemical Compound	cids05362549
Crohn.Intolerance.2013.2014.bib	23200919	disease	Disease	doid:4
Crohn.Intolerance.2013.2014.bib	24378599	necrosis	Biological Process	go:0008219
Crohn.Intolerance.2013.2014.bib	24378599	disease	Disease	doid:4
Crohn.Intolerance.2013.2014.bib	23644079	disease	Disease	doid:4
Crohn.Intolerance.2013.2014.bib	23644079	azathioprine	Chemical Compound	cids00002265
Crohn.Intolerance.2013.2014.bib	24362543	disease	Disease	doid:4
Crohn.Intolerance.2013.2014.bib	25215528	immune responses	Biological Process	go:0006955
Crohn.Intolerance.2013.2014.bib	25215528	adaptive immune responses	Biological Process	go:0002250
Crohn.Intolerance.2013.2014.bib	25215528	inflammatory bowel disease	Disease	doid:0050589
Crohn.Intolerance.2013.2014.bib	25547977	necrosis	Biological Process	go:0008219
Crohn.Intolerance.2013.2014.bib	25547977	disease	Disease	doid:4
Crohn.Intolerance.2013.2014.bib	25081347	disease	Disease	doid:4
Crohn.Intolerance.2013.2014.bib	24445015	lor	Genes/Proteins	ensp00000357731
Crohn.Intolerance.2013.2014.bib	22605661	6-methyl mercaptopurine	Chemical Compound	cids00005778
Crohn.Intolerance.2013.2014.bib	22605661	thiopurine	Chemical Compound	cids00667490
Crohn.Intolerance.2013.2014.bib	22605661	allopurinol	Chemical Compound	cids00002094
Crohn.Intolerance.2013.2014.bib	22605661	metabolism	Biological Process	go:0008152
Crohn.Intolerance.2013.2014.bib	22605661	inflammatory bowel disease	Disease	doid:0050589
Crohn.Intolerance.2013.2014.bib	24562173	disease	Disease	doid:4
Crohn.Intolerance.2013.2014.bib	24562173	inflammatory bowel disease	Disease	doid:0050589
Crohn.Intolerance.2013.2014.bib	24562173	pathogenesis	Biological Process	go:0009405
Crohn.Intolerance.2013.2014.bib	24117596	disease	Disease	doid:4
Crohn.Intolerance.2013.2014.bib	24117596	azathioprine	Chemical Compound	cids00002265
Crohn.Intolerance.2013.2014.bib	24117596	inflammatory bowel disease	Disease	doid:0050589
Crohn.Intolerance.2013.2014.bib	24117596	mercaptopurine	Chemical Compound	cids57172079
Crohn.Intolerance.2013.2014.bib	24985716	ulcerative colitis	Disease	doid:8577
Crohn.Intolerance.2013.2014.bib	24985716	necrosis	Biological Process	go:0019835
Crohn.Intolerance.2013.2014.bib	24985716	receptor antagonist	Molecular Function	go:0048019
Crohn.Intolerance.2013.2014.bib	24985716	adult	Tissue	bto:0001043
Crohn.Intolerance.2013.2014.bib	24985716	disease	Disease	doid:4
Crohn.Intolerance.2013.2014.bib	24859203	tnf	Molecular Function	go:0005164
Crohn.Intolerance.2013.2014.bib	24859203	necrosis	Biological Process	go:0019835
Crohn.Intolerance.2013.2014.bib	24859203	disease	Disease	doid:4
Crohn.Intolerance.2013.2014.bib	24667589	tnf	Genes/Proteins	ensrnop00000001114
Crohn.Intolerance.2013.2014.bib	24667589	necrosis	Biological Process	go:0019835
Crohn.Intolerance.2013.2014.bib	24667589	thalidomide	Chemical Compound	cids00005426
Crohn.Intolerance.2013.2014.bib	24667589	ileocolitis	Disease	doid:0060190
Crohn.Intolerance.2013.2014.bib	24667589	colitis	Disease	doid:0060180
Crohn.Intolerance.2013.2014.bib	24667589	mucosal	Tissue	bto:0000886
Crohn.Intolerance.2013.2014.bib	24667589	disease	Disease	doid:4
Crohn.Intolerance.2013.2014.bib	23333660	methotrexate	Chemical Compound	cids00126941
Crohn.Intolerance.2013.2014.bib	23333660	disease	Disease	doid:4
Crohn.Intolerance.2013.2014.bib	23333660	thiopurine	Chemical Compound	cids00667490
Crohn.Intolerance.2013.2014.bib	25003680	maltase activity	Molecular Function	go:0032450
Crohn.Intolerance.2013.2014.bib	25003680	lactase	Genes/Proteins	ensrnop00000004908
Crohn.Intolerance.2013.2014.bib	25003680	saccharase	Molecular Function	go:0004564
Crohn.Intolerance.2013.2014.bib	25003680	inflammatory bowel disease	Disease	doid:0050589
Crohn.Intolerance.2001.2002.bib	11810731	gastrointestinal tract	Tissue	bto:0000511
Crohn.Intolerance.2001.2002.bib	11810731	respiratory tract	Tissue	bto:0000203
Crohn.Intolerance.2001.2002.bib	11321389	tnf-alpha	Genes/Proteins	fbpp0087493
Crohn.Intolerance.2001.2002.bib	11321389	crohn disease	Disease	doid:8778
Crohn.Intolerance.2001.2002.bib	11321389	pathogenesis	Biological Process	go:0009405
Crohn.Intolerance.2001.2002.bib	11321389	tumor necrosis factor alpha	Genes/Proteins	ensdarp00000010728
Crohn.Intolerance.2001.2002.bib	11321389	cytokines	Molecular Function	go:0005125
Crohn.Intolerance.2001.2002.bib	11321389	inflammatory bowel diseases	Disease	doid:0050589
Crohn.Intolerance.2001.2002.bib	11321389	tnf-alpha production	Biological Process	go:0032640
Crohn.Intolerance.2001.2002.bib	11321389	inflammatory cells	Tissue	bto:0003861
Crohn.Intolerance.2001.2002.bib	11321389	thalidomide	Chemical Compound	cids00005426
Crohn.Intolerance.2001.2002.bib	12478239	mesalamine	Chemical Compound	cids00004075
Crohn.Intolerance.2001.2002.bib	12478239	budesonide	Chemical Compound	cids05281004
Crohn.Intolerance.2001.2002.bib	12478239	colonic disease	Disease	doid:5353
Crohn.Intolerance.2001.2002.bib	12478239	sulfasalazine	Chemical Compound	cids05359476
Crohn.Intolerance.2001.2002.bib	12478239	metabolism	Biological Process	go:0008152
Crohn.Intolerance.2001.2002.bib	12478239	prednisone	Chemical Compound	cids00005865
Crohn.Intolerance.2001.2002.bib	12478239	disease	Disease	doid:4
Crohn.Intolerance.2001.2002.bib	11862791	disease	Disease	doid:4
Crohn.Intolerance.2001.2002.bib	11862791	inflammatory bowel disease	Disease	doid:0050589
Crohn.Intolerance.2001.2002.bib	11862791	ulcerative colitis	Disease	doid:8577
Crohn.Intolerance.2001.2002.bib	11862791	lactose intolerance	Disease	doid:10604
Crohn.Intolerance.2001.2002.bib	11938035	methotrexate	Chemical Compound	cids00126941
Crohn.Intolerance.2001.2002.bib	11938035	mycophenolate mofetil (mmf	Chemical Compound	cids00004271
Crohn.Intolerance.2001.2002.bib	11938035	azathioprine	Chemical Compound	cids00002265
Crohn.Intolerance.2001.2002.bib	11280551	disease	Disease	doid:4
Crohn.Intolerance.2001.2002.bib	11280551	azathioprine	Chemical Compound	cids00002265
Crohn.Intolerance.2001.2002.bib	11280551	mycophenolate mofetil (mmf	Chemical Compound	cids00004271
Crohn.Intolerance.2001.2002.bib	11563990	6-mercaptopurine	Chemical Compound	cids00667490
Crohn.Intolerance.2001.2002.bib	11563990	diabetes mellitus	Disease	doid:9351
Crohn.Intolerance.2001.2002.bib	11563990	budesonide	Chemical Compound	cids05281004
Crohn.Intolerance.2001.2002.bib	11563990	methotrexate	Chemical Compound	cids00126941
Crohn.Intolerance.2001.2002.bib	11563990	glucose intolerance	Disease	doid:10603
Crohn.Intolerance.2001.2002.bib	11563990	azathioprine	Chemical Compound	cids00002265
Crohn.Intolerance.2001.2002.bib	11563990	glaucoma	Disease	doid:1686
Crohn.Intolerance.2001.2002.bib	11563990	mucosal	Tissue	bto:0000886
Crohn.Intolerance.2001.2002.bib	11563990	disease	Disease	doid:4
Crohn.Intolerance.2001.2002.bib	11743245	disease	Disease	doid:4
Crohn.Intolerance.2001.2002.bib	11743245	lactose	Chemical Compound	cids00084571
Crohn.Intolerance.1999.2000.bib	10656203	vegetable	Genes/Proteins	fbpp0086200
Crohn.Intolerance.1999.2000.bib	10656203	disease	Disease	doid:4
Crohn.Intolerance.1999.2000.bib	10656203	lactose	Chemical Compound	cids00084571
Crohn.Intolerance.1999.2000.bib	10656203	lactose intolerance	Disease	doid:10604
Crohn.Intolerance.1999.2000.bib	10548029	gastrointestinal tract	Tissue	bto:0000511
Crohn.Intolerance.1999.2000.bib	10548029	ulcerative colitis	Disease	doid:8577
Crohn.Intolerance.1999.2000.bib	10548029	disease	Disease	doid:4
Crohn.Intolerance.1999.2000.bib	10701145	6-mercaptopurine	Chemical Compound	cids00667490
Crohn.Intolerance.1999.2000.bib	10701145	mycophenolate mofetil (mmf	Chemical Compound	cids00004271
Crohn.Intolerance.1999.2000.bib	10701145	azathioprine	Chemical Compound	cids00002265
Crohn.Intolerance.1999.2000.bib	10701145	disease	Disease	doid:4
Crohn.Intolerance.1999.2000.bib	10566230	calcium	Genes/Proteins	fbpp0088134
Crohn.Intolerance.1999.2000.bib	10566230	osteoporosis	Disease	doid:11476
Crohn.Intolerance.1999.2000.bib	10566230	alendronate	Chemical Compound	cids00002088
Crohn.Intolerance.1999.2000.bib	10566230	lactose intolerance	Disease	doid:10604
Crohn.Intolerance.1999.2000.bib	10566230	corticoid	Chemical Compound	cids00066249
Crohn.Intolerance.1999.2000.bib	10566230	bone formation	Biological Process	go:0001503
Crohn.Intolerance.1999.2000.bib	10566230	vitamin d	Chemical Compound	cids05280795
Crohn.Intolerance.1999.2000.bib	10566230	disease	Disease	doid:4
Crohn.Intolerance.1999.2000.bib	10925976	methotrexate	Chemical Compound	cids00126941
Crohn.Intolerance.1999.2000.bib	10925976	disease	Disease	doid:4
Crohn.Intolerance.1999.2000.bib	10635629	ovalbumin	Genes/Proteins	ensmusp00000027565
Crohn.Intolerance.1999.2000.bib	10635629	disease	Disease	doid:4
Crohn.Intolerance.1999.2000.bib	10635629	blood serum	Tissue	bto:0000133
Crohn.Intolerance.1999.2000.bib	10635629	ulcerative colitis	Disease	doid:8577
Crohn.Intolerance.1999.2000.bib	11144036	zes	Disease	doid:0050782
Crohn.Intolerance.1999.2000.bib	11144036	men-1	Genes/Proteins	ensp00000337088
Crohn.Intolerance.1999.2000.bib	11144036	multiple endocrine neoplasia-type 1	Disease	doid:10017
Crohn.Intolerance.1999.2000.bib	10091278	osteoporosis	Disease	doid:11476
Crohn.Intolerance.1999.2000.bib	10091278	inflammatory bowel disease	Disease	doid:0050589
Crohn.Intolerance.1997.1998.bib	9200289	inflammatory bowel disease	Disease	doid:0050589
Crohn.Intolerance.1997.1998.bib	9623333	gastro-intestinal disorder	Disease	doid:77
Crohn.Intolerance.1997.1998.bib	9623333	renal failure	Disease	doid:1074
Crohn.Intolerance.1997.1998.bib	9623333	ileal	Tissue	bto:0000620
Crohn.Intolerance.1997.1998.bib	9623333	colitis	Disease	doid:0060180
Crohn.Intolerance.1997.1998.bib	9623333	colon	Organism	1542223
Crohn.Intolerance.1997.1998.bib	9623333	bowel	Tissue	bto:0000648
Crohn.Intolerance.1997.1998.bib	9623333	ileitis	Disease	doid:0060189
Crohn.Intolerance.1997.1998.bib	9623333	tropical sprue	Disease	doid:10607
Crohn.Intolerance.1997.1998.bib	9623333	iron deficiency anemia	Disease	doid:11758
Crohn.Intolerance.1997.1998.bib	9623333	anemia	Disease	doid:2355
Crohn.Intolerance.1997.1998.bib	9623333	disease	Disease	doid:4
Crohn.Intolerance.1997.1998.bib	9623333	inflammatory bowel disease	Disease	doid:0050589
Crohn.Intolerance.1997.1998.bib	9860419	disease	Disease	doid:4
Crohn.Intolerance.1997.1998.bib	9860419	azathioprine	Chemical Compound	cids00002265
Crohn.Intolerance.1997.1998.bib	9860419	mycophenolate mofetil	Chemical Compound	cids05281078
Crohn.Intolerance.1997.1998.bib	9820096	growth factors	Molecular Function	go:0008083
Crohn.Intolerance.1997.1998.bib	9820096	calcium	Genes/Proteins	fbpp0088134
Crohn.Intolerance.1997.1998.bib	9820096	lactose intolerance	Disease	doid:10604
Crohn.Intolerance.1997.1998.bib	9820096	ca	Genes/Proteins	fbpp0304830
Crohn.Intolerance.1997.1998.bib	9820096	bone resorption	Biological Process	go:0045453
Crohn.Intolerance.1997.1998.bib	9820096	vitamin d	Chemical Compound	cids05280795
Crohn.Intolerance.1997.1998.bib	9820096	bone mineralization	Biological Process	go:0030282
Crohn.Intolerance.1997.1998.bib	9820096	metabolism	Biological Process	go:0008152
Crohn.Intolerance.1997.1998.bib	9820096	disease	Disease	doid:4
Crohn.Intolerance.1997.1998.bib	9219788	lactose	Chemical Compound	cids00084571
Crohn.Intolerance.1997.1998.bib	9219788	inflammatory bowel disease	Disease	doid:0050589
Crohn.Intolerance.1997.1998.bib	9022546	inflammatory bowel disease	Disease	doid:0050589
Crohn.Intolerance.1993.1994.bib	8189945	bicarbonate transport	Biological Process	go:0015701
Crohn.Intolerance.1993.1994.bib	8189945	intestine	Tissue	bto:0000648
Crohn.Intolerance.1993.1994.bib	8189945	transport	Biological Process	go:0006810
Crohn.Intolerance.1993.1994.bib	8189945	celiac disease	Disease	doid:10608
Crohn.Intolerance.1993.1994.bib	8189945	jejunum	Tissue	bto:0000657
Crohn.Intolerance.1993.1994.bib	8189945	ileum	Tissue	bto:0000620
Crohn.Intolerance.1993.1994.bib	8189945	disease	Disease	doid:4
Crohn.Intolerance.1993.1994.bib	8189945	plasma	Tissue	bto:0000131
Crohn.Intolerance.1993.1994.bib	8189945	intestinal mucosa	Tissue	bto:0000642
Crohn.Intolerance.1993.1994.bib	8189945	lymph	Tissue	bto:0000855
Crohn.Intolerance.1993.1994.bib	8506658	scleroderma	Disease	doid:419
Crohn.Intolerance.1993.1994.bib	8506658	ulcerative colitis	Disease	doid:8577
Crohn.Intolerance.1993.1994.bib	8506658	osteoporosis	Disease	doid:11476
Crohn.Intolerance.1993.1994.bib	8506658	lactose intolerance	Disease	doid:10604
Crohn.Intolerance.1993.1994.bib	8506658	gallbladder	Tissue	bto:0000493
Crohn.Intolerance.1993.1994.bib	8506658	osteomalacia	Disease	doid:10573
Crohn.Intolerance.1993.1994.bib	8506658	gastrointestinal tract	Tissue	bto:0000511
Crohn.Intolerance.1993.1994.bib	8506658	secretion	Biological Process	go:0046903
Crohn.Intolerance.1993.1994.bib	8506658	small intestine	Tissue	bto:0000651
Crohn.Intolerance.1993.1994.bib	8314511	disease	Disease	doid:4
Crohn.Intolerance.1993.1994.bib	8413731	small intestine	Tissue	bto:0000651
Crohn.Intolerance.2007.2008.bib	18799369	6-thioguanine (6-tg	Chemical Compound	cids02723601
Crohn.Intolerance.2007.2008.bib	18799369	thiopurine	Chemical Compound	cids00667490
Crohn.Intolerance.2007.2008.bib	18799369	inflammatory bowel disease	Disease	doid:0050589
Crohn.Intolerance.2007.2008.bib	18799369	azathioprine	Chemical Compound	cids00002265
Crohn.Intolerance.2007.2008.bib	17096175	mannan	Chemical Compound	cids00000870
Crohn.Intolerance.2007.2008.bib	17096175	b cells	Tissue	bto:0000776
Crohn.Intolerance.2007.2008.bib	17096175	yeast	Genes/Proteins	ensgalp00000032683
Crohn.Intolerance.2007.2008.bib	17096175	inflammatory bowel disease	Disease	doid:0050589
Crohn.Intolerance.2007.2008.bib	17096175	disease	Disease	doid:4
Crohn.Intolerance.2007.2008.bib	18989561	disease	Disease	doid:4
Crohn.Intolerance.2007.2008.bib	18989561	azathioprine	Chemical Compound	cids00002265
Crohn.Intolerance.2007.2008.bib	19305026	card15	Genes/Proteins	ensp00000300589
Crohn.Intolerance.2007.2008.bib	19305026	inflammatory bowel disease	Disease	doid:0050589
Crohn.Intolerance.2007.2008.bib	17269996	necrosis	Biological Process	go:0008219
Crohn.Intolerance.2007.2008.bib	17269996	disease	Disease	doid:4
Crohn.Intolerance.2007.2008.bib	17988235	azathioprine	Chemical Compound	cids00002265
Crohn.Intolerance.2007.2008.bib	17988235	mercaptopurine	Chemical Compound	cids57172079
Crohn.Intolerance.2007.2008.bib	17559377	methotrexate	Chemical Compound	cids00126941
Crohn.Intolerance.2007.2008.bib	17559377	disease	Disease	doid:4
Crohn.Intolerance.2007.2008.bib	17559377	inflammatory bowel disease	Disease	doid:0050589
Crohn.Intolerance.2007.2008.bib	17559377	modulator	Cellular Component	go:0005838
Crohn.Intolerance.2007.2008.bib	18810773	por	Genes/Proteins	enssscp00000021992
Crohn.Intolerance.2007.2008.bib	18810773	mucosal	Tissue	bto:0000886
Crohn.Intolerance.2007.2008.bib	18810773	disease	Disease	doid:4
Crohn.Intolerance.2007.2008.bib	18810773	pathogenesis	Biological Process	go:0009405
Crohn.Intolerance.2007.2008.bib	18810773	gastrointestinal tract	Tissue	bto:0000511
Crohn.Intolerance.2007.2008.bib	18810773	ileocecal	Tissue	bto:0002273
Crohn.Intolerance.2007.2008.bib	18810773	ileum	Tissue	bto:0000620
Crohn.Intolerance.2007.2008.bib	17575947	small intestine	Tissue	bto:0000651
Crohn.Intolerance.2007.2008.bib	17575947	disease	Disease	doid:4
Crohn.Intolerance.2007.2008.bib	17575947	lactose intolerance	Disease	doid:10604
Crohn.Intolerance.2007.2008.bib	19035976	disease	Disease	doid:4
Crohn.Intolerance.2007.2008.bib	18350627	bowel	Tissue	bto:0000648
Crohn.Intolerance.2007.2008.bib	18350627	small intestine	Tissue	bto:0000651
Crohn.Intolerance.2007.2008.bib	18350627	disease	Disease	doid:4
Crohn.Intolerance.2007.2008.bib	18350627	sicus	Organism	1219203
Crohn.Intolerance.2007.2008.bib	19160891	inflammatory bowel disease	Disease	doid:0050589
Crohn.Intolerance.2007.2008.bib	19160891	adults	Tissue	bto:0001043
Crohn.Intolerance.2007.2008.bib	17311600	disease	Disease	doid:4
Crohn.Intolerance.2007.2008.bib	17402796	tnf	Molecular Function	go:0005164
Crohn.Intolerance.2007.2008.bib	17402796	necrosis	Biological Process	go:0019835
Crohn.Intolerance.2007.2008.bib	17402796	human	Organism	9606
Crohn.Intolerance.2007.2008.bib	17402796	disease	Disease	doid:4
Crohn.Intolerance.2007.2008.bib	17663929	diabetes mellitus	Disease	doid:9351
Crohn.Intolerance.2007.2008.bib	17663929	tnf-alpha	Genes/Proteins	ensbtap00000035682
Crohn.Intolerance.2007.2008.bib	17663929	atherosclerosis	Disease	doid:1936
Crohn.Intolerance.2007.2008.bib	17663929	insulin	Genes/Proteins	enssscp00000025428
Crohn.Intolerance.2007.2008.bib	17663929	psoriasis	Disease	doid:8893
Crohn.Intolerance.2007.2008.bib	17663929	rheumatoid arthritis	Disease	doid:7148
Crohn.Intolerance.2007.2008.bib	17663929	disease	Disease	doid:4
Crohn.Intolerance.2007.2008.bib	17663929	adult	Tissue	bto:0001043
Crohn.Intolerance.2007.2008.bib	17663929	arthritis	Disease	doid:848
Crohn.Intolerance.2007.2008.bib	17663929	obesity	Disease	doid:9970
Crohn.Intolerance.2007.2008.bib	17663929	glucose intolerance	Disease	doid:10603
Crohn.Intolerance.2007.2008.bib	17663929	metabolic syndrome	Disease	doid:0014667
Crohn.Intolerance.2007.2008.bib	17663929	coronary heart disease	Disease	doid:3393
Crohn.Intolerance.2007.2008.bib	17663929	alcohol abuse	Disease	doid:1574
Crohn.Intolerance.2007.2008.bib	17663929	hypertension	Disease	doid:10763
Crohn.Intolerance.2007.2008.bib	18364718	colitis	Disease	doid:0060180
Crohn.Intolerance.2007.2008.bib	18364718	nodules	Tissue	bto:0001190
Crohn.Intolerance.2007.2008.bib	18364718	disease	Disease	doid:4
Crohn.Intolerance.2011.2012.bib	21788991	disease	Disease	doid:4
Crohn.Intolerance.2011.2012.bib	23200919	disease	Disease	doid:4
Crohn.Intolerance.2011.2012.bib	21683309	disulone	Chemical Compound	cids00002955
Crohn.Intolerance.2011.2012.bib	21683309	colchicine	Chemical Compound	cids00006167
Crohn.Intolerance.2011.2012.bib	21683309	disease	Disease	doid:4
Crohn.Intolerance.2011.2012.bib	21326284	e3 ubiquitin protein ligase	Genes/Proteins	ensgalp00000042636
Crohn.Intolerance.2011.2012.bib	21326284	hace1	Genes/Proteins	ensbtap00000002010
Crohn.Intolerance.2011.2012.bib	21326284	celiac disease	Disease	doid:10608
Crohn.Intolerance.2011.2012.bib	21326284	disease	Disease	doid:4
Crohn.Intolerance.2011.2012.bib	21326284	ankyrin	Genes/Proteins	at5g14230.1
Crohn.Intolerance.2011.2012.bib	21326284	ubiquitin	Molecular Function	go:0031386
Crohn.Intolerance.2011.2012.bib	21326284	6q21	Genes/Proteins	ensp00000407586
Crohn.Intolerance.2011.2012.bib	21326284	diabetes	Disease	doid:9351
Crohn.Intolerance.2011.2012.bib	21619388	anaemia	Disease	doid:2355
Crohn.Intolerance.2011.2012.bib	21619388	inflammatory bowel disease	Disease	doid:0050589
Crohn.Intolerance.2011.2012.bib	22588598	barium	Chemical Compound	cids00104810
Crohn.Intolerance.2011.2012.bib	22588598	crohn disease	Disease	doid:8778
Crohn.Intolerance.2011.2012.bib	22588598	inflammatory bowel disease	Disease	doid:0050589
Crohn.Intolerance.2011.2012.bib	21941413	thiopurine methyltransferase	Genes/Proteins	ensmusp00000021806
Crohn.Intolerance.2011.2012.bib	21941413	ulcerative colitis	Disease	doid:8577
Crohn.Intolerance.2011.2012.bib	21941413	tpmt	Genes/Proteins	ensgalp00000030441
Crohn.Intolerance.2011.2012.bib	21941413	mercaptopurine	Chemical Compound	cids57172079
Crohn.Intolerance.2011.2012.bib	21941413	bowel	Tissue	bto:0000648
Crohn.Intolerance.2011.2012.bib	21941413	azathioprine	Chemical Compound	cids00002265
Crohn.Intolerance.2011.2012.bib	21941413	disease	Disease	doid:4
Crohn.Intolerance.2011.2012.bib	21941413	inflammatory bowel disease	Disease	doid:0050589
Crohn.Intolerance.2011.2012.bib	21683302	necrosis	Biological Process	go:0008219
Crohn.Intolerance.2011.2012.bib	21683302	disease	Disease	doid:4
Crohn.Intolerance.2011.2012.bib	22112005	methotrexate	Chemical Compound	cids00126941
Crohn.Intolerance.2011.2012.bib	22112005	disease	Disease	doid:4
Crohn.Intolerance.2011.2012.bib	22205271	ccr5	Genes/Proteins	enssscp00000019995
Crohn.Intolerance.2011.2012.bib	22205271	ccr2	Genes/Proteins	at1g80820.1
Crohn.Intolerance.2011.2012.bib	22205271	cxcl12	Genes/Proteins	ensgalp00000042901
Crohn.Intolerance.2011.2012.bib	22205271	ccr10	Genes/Proteins	ensdarp00000099267
Crohn.Intolerance.2011.2012.bib	22205271	chemokines	Molecular Function	go:0008009
Crohn.Intolerance.2011.2012.bib	22205271	ccl28	Genes/Proteins	ensbtap00000002036
Crohn.Intolerance.2011.2012.bib	22205271	ccr4	Genes/Proteins	ensp00000377024
Crohn.Intolerance.2011.2012.bib	22205271	beta7	Genes/Proteins	fbpp0078448
Crohn.Intolerance.2011.2012.bib	22205271	ccr9	Genes/Proteins	ensp00000350256
Crohn.Intolerance.2011.2012.bib	22205271	fibronectin	Genes/Proteins	ensmusp00000054499
Crohn.Intolerance.2011.2012.bib	22205271	monocytes	Tissue	bto:0000876
Crohn.Intolerance.2011.2012.bib	22205271	immunoglobulin	Molecular Function	go:0003823
Crohn.Intolerance.2011.2012.bib	22205271	vcam-1	Genes/Proteins	ensgalp00000008427
Crohn.Intolerance.2011.2012.bib	22205271	reg	Genes/Proteins	fbpp0073561
Crohn.Intolerance.2011.2012.bib	22205271	ccl25	Genes/Proteins	ensrnop00000037785
Crohn.Intolerance.2011.2012.bib	22205271	chemokine receptors	Molecular Function	go:0004950
Crohn.Intolerance.2011.2012.bib	22205271	hml1	Genes/Proteins	ensp00000264079
Crohn.Intolerance.2011.2012.bib	22205271	cxcr3	Genes/Proteins	ensp00000362795
Crohn.Intolerance.2011.2012.bib	22205271	cxcl10	Genes/Proteins	ensmusp00000047646
Crohn.Intolerance.2011.2012.bib	22205271	cx3cr1	Genes/Proteins	ensgalp00000019474
Crohn.Intolerance.2011.2012.bib	22205271	ccr7	Genes/Proteins	ensrnop00000014163
Crohn.Intolerance.2011.2012.bib	22205271	ulcerative colitis	Disease	doid:8577
Crohn.Intolerance.2011.2012.bib	22205271	teck	Genes/Proteins	ensmusp00000024004
Crohn.Intolerance.2011.2012.bib	22205271	icam-1	Genes/Proteins	ensbtap00000013608
Crohn.Intolerance.2011.2012.bib	22205271	cd4  t	Chemical Compound	cids00451902
Crohn.Intolerance.2011.2012.bib	22205271	ccl5	Genes/Proteins	ensp00000474412
Crohn.Intolerance.2011.2012.bib	22205271	lymphocytes	Tissue	bto:0000775
Crohn.Intolerance.2011.2012.bib	22205271	inflammatory bowel diseases	Disease	doid:0050589
Crohn.Intolerance.2011.2012.bib	22205271	lfa-1	Genes/Proteins	ensrnop00000024404
Crohn.Intolerance.2011.2012.bib	22205271	pf-00547659	Chemical Compound	cids09865554
Crohn.Intolerance.2011.2012.bib	22205271	madcam-1	Genes/Proteins	ensmusp00000020554
Crohn.Intolerance.2011.2012.bib	22205271	cx3cl1	Genes/Proteins	ensbtap00000034515
Crohn.Intolerance.2011.2012.bib	22205271	cell adhesion molecule	Molecular Function	go:0050839
Crohn.Intolerance.2011.2012.bib	22205271	tumor necrosis factor alpha	Genes/Proteins	ensdarp00000010728
Crohn.Intolerance.2011.2012.bib	22205271	leukocytes	Tissue	bto:0000751
Crohn.Intolerance.2011.2012.bib	22205271	human	Organism	9606
Crohn.Intolerance.2011.2012.bib	22205271	disease	Disease	doid:4
Crohn.Intolerance.2011.2012.bib	22205271	gut mucosa	Tissue	bto:0000546
Crohn.Intolerance.2011.2012.bib	22205271	dendritic cells	Tissue	bto:0002042
Crohn.Intolerance.2011.2012.bib	22205271	vla-4	Cellular Component	go:0034668
Crohn.Intolerance.2011.2012.bib	22205271	ligands	Molecular Function	go:0005488
Crohn.Intolerance.2011.2012.bib	22205271	mucosal	Tissue	bto:0000886
Crohn.Intolerance.2011.2012.bib	22205271	macrophages	Tissue	bto:0000801
Crohn.Intolerance.2011.2012.bib	22205271	lpam	Chemical Compound	cids00460612
Crohn.Intolerance.2011.2012.bib	22205271	granulocytes	Tissue	bto:0000539
Crohn.Intolerance.2011.2012.bib	22205271	vascular cell	Tissue	bto:0002688
Crohn.Intolerance.2011.2012.bib	22205271	integrins	Cellular Component	go:0008305
Crohn.Intolerance.2011.2012.bib	22205271	epithelial cells	Tissue	bto:0000414
Crohn.Intolerance.2011.2012.bib	22205271	b-cells	Tissue	bto:0000776
Crohn.Intolerance.2011.2012.bib	22205271	lymphocyte antigen 1	Genes/Proteins	ensmusp00000025571
Crohn.Intolerance.2011.2012.bib	22205271	ldp	Genes/Proteins	ensp00000220763
Crohn.Intolerance.2011.2012.bib	22205271	thymus expressed chemokine	Genes/Proteins	ensp00000375086
Crohn.Intolerance.2011.2012.bib	22205271	t-cells	Tissue	bto:0000782
Crohn.Intolerance.2011.2012.bib	21948942	necrosis	Biological Process	go:0008219
Crohn.Intolerance.2011.2012.bib	21948942	disease	Disease	doid:4
Crohn.Intolerance.1991.1992.bib	1909583	bowel	Tissue	bto:0000648
Crohn.Intolerance.1991.1992.bib	1909583	disease	Disease	doid:4
Crohn.Intolerance.1991.1992.bib	1398231	ulcerative colitis	Disease	doid:8577
Crohn.Intolerance.1991.1992.bib	1398231	pathogenesis	Biological Process	go:0009405
Crohn.Intolerance.1991.1992.bib	1398231	s cerevisiae	Organism	4932
Crohn.Intolerance.1991.1992.bib	1398231	coeliac disease	Disease	doid:10608
Crohn.Intolerance.1991.1992.bib	1398231	disease	Disease	doid:4
Crohn.Intolerance.1991.1992.bib	1398231	yeast	Genes/Proteins	ensgalp00000032683
Crohn.Intolerance.1991.1992.bib	1396146	ulcerative colitis	Disease	doid:8577
Crohn.Intolerance.1991.1992.bib	1396146	blood	Tissue	bto:0000089
Crohn.Intolerance.1991.1992.bib	1396146	lactose intolerance	Disease	doid:10604
Crohn.Intolerance.1991.1992.bib	1396146	small-intestine transit	Biological Process	go:0120055
Crohn.Intolerance.1991.1992.bib	1396146	small intestine	Tissue	bto:0000651
Crohn.Intolerance.1991.1992.bib	1396146	lactulose	Chemical Compound	cids00011333
Crohn.Intolerance.1991.1992.bib	1396146	caecal	Organism	761541
Crohn.Intolerance.1991.1992.bib	1396146	disease	Disease	doid:4
Crohn.Intolerance.1991.1992.bib	1481371	calcium	Genes/Proteins	fbpp0088134
Crohn.Intolerance.1991.1992.bib	1481371	corticoid	Chemical Compound	cids00066249
Crohn.Intolerance.1991.1992.bib	1481371	lactose intolerance	Disease	doid:10604
Crohn.Intolerance.1991.1992.bib	1481371	sodium fluoride	Chemical Compound	cids00005235
Crohn.Intolerance.1991.1992.bib	1481371	intestinal wall	Tissue	bto:0000647
Crohn.Intolerance.1991.1992.bib	1481371	vitamin d	Chemical Compound	cids05280795
Crohn.Intolerance.1991.1992.bib	1481371	bone mineralization	Biological Process	go:0030282
Crohn.Intolerance.1991.1992.bib	1481371	diarrhoea	Disease	doid:13250
Crohn.Intolerance.1991.1992.bib	1481371	disease	Disease	doid:4
