IBS.Intolerance.2001.2002.bib	12190170	celiac disease	Disease	doid:10608
IBS.Intolerance.2001.2002.bib	11507359	glucose	Chemical Compound	cids53782692
IBS.Intolerance.2001.2002.bib	11507359	lactose	Chemical Compound	cids00084571
IBS.Intolerance.2001.2002.bib	11507359	hydrogen	Chemical Compound	cids05362549
IBS.Intolerance.2001.2002.bib	11507359	irritable bowel syndrome	Disease	doid:9778
IBS.Intolerance.2001.2002.bib	11713967	hypersensitivity	Biological Process	go:0002524
IBS.Intolerance.2001.2002.bib	11424515	irritable bowel syndrome	Disease	doid:9778
IBS.Intolerance.2001.2002.bib	11424515	caffeine	Chemical Compound	cids00002519
IBS.Intolerance.2001.2002.bib	11694910	autonomic nervous system	Tissue	bto:0002507
IBS.Intolerance.2001.2002.bib	11694910	gastroenteritis	Disease	doid:2326
IBS.Intolerance.2001.2002.bib	11694910	behaviour	Biological Process	go:0007610
IBS.Intolerance.2001.2002.bib	11694910	central nervous system	Tissue	bto:0000227
IBS.Intolerance.2001.2002.bib	11694910	serotonin	Chemical Compound	cids00005202
IBS.Intolerance.2001.2002.bib	11694910	rectal	Tissue	bto:0001158
IBS.Intolerance.2001.2002.bib	11694910	nervous system	Tissue	bto:0001484
IBS.Intolerance.2001.2002.bib	11694910	irritable bowel syndrome	Disease	doid:9778
IBS.Intolerance.2001.2002.bib	11566171	fatty acids	Chemical Compound	cids00000283
IBS.Intolerance.2001.2002.bib	11566171	bacteria	Organism	1869227
IBS.Intolerance.2001.2002.bib	11566171	plasma	Tissue	bto:0000131
IBS.Intolerance.2001.2002.bib	11566171	pancreatitis	Disease	doid:4989
IBS.Intolerance.2001.2002.bib	11566171	osmotic diarrhea	Disease	doid:0050130
IBS.Intolerance.2001.2002.bib	11566171	colon	Organism	1542223
IBS.Intolerance.2001.2002.bib	11566171	fructose	Chemical Compound	cids00439709
IBS.Intolerance.2001.2002.bib	11566171	folic acid	Chemical Compound	cids00003405
IBS.Intolerance.2001.2002.bib	11566171	irritable bowel syndrome	Disease	doid:9778
IBS.Intolerance.2001.2002.bib	12215182	bifidobacteria	Organism	1678
IBS.Intolerance.2001.2002.bib	12215182	colon	Organism	1542223
IBS.Intolerance.2001.2002.bib	12215182	lactobacilli	Organism	1578
IBS.Intolerance.2001.2002.bib	12215182	bowel	Tissue	bto:0000648
IBS.Intolerance.2001.2002.bib	12215182	irritable bowel syndrome	Disease	doid:9778
IBS.Intolerance.2001.2002.bib	12215182	disease	Disease	doid:4
IBS.Intolerance.2001.2002.bib	12215182	fermentation	Biological Process	go:0006113
IBS.Intolerance.2001.2002.bib	12215182	food allergy	Disease	doid:3044
IBS.Intolerance.2001.2002.bib	12215185	lactose intolerance	Disease	doid:10604
IBS.Intolerance.2001.2002.bib	12215185	clostridium difficile	Organism	1496
IBS.Intolerance.2001.2002.bib	12215185	dyspepsia	Disease	doid:2321
IBS.Intolerance.2001.2002.bib	12215185	human	Organism	9606
IBS.Intolerance.2001.2002.bib	12215185	helicobacter pylori	Organism	210
IBS.Intolerance.2001.2002.bib	12215185	colon cancer	Disease	doid:219
IBS.Intolerance.2001.2002.bib	12215185	diarrhoea	Disease	doid:13250
IBS.Intolerance.2001.2002.bib	12215185	irritable bowel syndrome	Disease	doid:9778
IBS.Intolerance.2001.2002.bib	12215185	inflammatory bowel disease	Disease	doid:0050589
IBS.Intolerance.2001.2002.bib	12215185	gastroenteritis	Disease	doid:2326
IBS.Intolerance.2001.2002.bib	12043384	cholesterol lowering	Chemical Compound	cids11025495
IBS.Intolerance.2001.2002.bib	12043384	bacteria	Organism	1869227
IBS.Intolerance.2001.2002.bib	12043384	gastroenteritis	Disease	doid:2326
IBS.Intolerance.2001.2002.bib	12043384	lactose intolerance	Disease	doid:10604
IBS.Intolerance.2001.2002.bib	12043384	allergy	Disease	doid:1205
IBS.Intolerance.2001.2002.bib	12043384	clostridium difficile	Organism	1496
IBS.Intolerance.2001.2002.bib	12043384	diarrhea	Disease	doid:13250
IBS.Intolerance.2001.2002.bib	12043384	cancer	Disease	doid:162
IBS.Intolerance.2001.2002.bib	12043384	helicobacter pylori	Organism	210
IBS.Intolerance.2001.2002.bib	12043384	irritable bowel syndrome	Disease	doid:9778
IBS.Intolerance.2001.2002.bib	12043384	inflammatory bowel disease	Disease	doid:0050589
IBS.Intolerance.2001.2002.bib	12043384	atopic eczema	Disease	doid:3310
IBS.Intolerance.2001.2002.bib	12402663	growth	Biological Process	go:0040007
IBS.Intolerance.2001.2002.bib	12402663	bacteria	Organism	1869227
IBS.Intolerance.2001.2002.bib	12402663	infectious diarrhea	Disease	doid:12384
IBS.Intolerance.2001.2002.bib	12402663	inflammatory bowel diseases	Disease	doid:0050589
IBS.Intolerance.2001.2002.bib	12402663	mucosal	Tissue	bto:0000886
IBS.Intolerance.2001.2002.bib	12402663	lactose	Chemical Compound	cids00084571
IBS.Intolerance.2001.2002.bib	12402663	intestine	Tissue	bto:0000648
IBS.Intolerance.2001.2002.bib	12402663	human	Organism	9606
IBS.Intolerance.2001.2002.bib	12402663	diarrhea	Disease	doid:13250
IBS.Intolerance.2001.2002.bib	12402663	helicobacter pylori	Organism	210
IBS.Intolerance.2001.2002.bib	12402663	irritable bowel syndrome	Disease	doid:9778
IBS.Intolerance.2001.2002.bib	12402663	homeostasis	Biological Process	go:0042592
IBS.Intolerance.2001.2002.bib	12402663	immune response	Biological Process	go:0006955
IBS.Intolerance.2001.2002.bib	12402663	food allergy	Disease	doid:3044
IBS.Intolerance.2001.2002.bib	11999677	nectar	Tissue	bto:0000537
IBS.Intolerance.2001.2002.bib	11999677	juice	Tissue	bto:0000659
IBS.Intolerance.2001.2002.bib	11999677	lactose intolerance	Disease	doid:10604
IBS.Intolerance.2001.2002.bib	11999677	apple	Organism	3750
IBS.Intolerance.2001.2002.bib	11999677	fruitjuice	Tissue	bto:0004057
IBS.Intolerance.2001.2002.bib	11999677	pear	Organism	23211
IBS.Intolerance.2001.2002.bib	11999677	irritable bowel syndrome	Disease	doid:9778
IBS.Intolerance.2001.2002.bib	12016433	bowel	Tissue	bto:0000648
IBS.Intolerance.2001.2002.bib	12016433	irritable bowel syndrome	Disease	doid:9778
IBS.Intolerance.2001.2002.bib	11293439	irritable bowel syndrome	Disease	doid:9778
IBS.Intolerance.2001.2002.bib	12439117	gastroenteritis	Disease	doid:2326
IBS.Intolerance.2001.2002.bib	12439117	lactose intolerance	Disease	doid:10604
IBS.Intolerance.2001.2002.bib	12439117	bowel	Tissue	bto:0000648
IBS.Intolerance.2001.2002.bib	12439117	diarrhoea	Disease	doid:13250
IBS.Intolerance.2001.2002.bib	12439117	irritable bowel syndrome	Disease	doid:9778
IBS.Intolerance.2001.2002.bib	12439117	adults	Tissue	bto:0001043
IBS.Intolerance.2001.2002.bib	11268734	lactose intolerance	Disease	doid:10604
IBS.Intolerance.2001.2002.bib	11268734	pancreatitis	Disease	doid:4989
IBS.Intolerance.2001.2002.bib	11268734	celiac disease	Disease	doid:10608
IBS.Intolerance.2001.2002.bib	11268734	acute pancreatitis	Disease	doid:2913
IBS.Intolerance.2001.2002.bib	11268734	fiber	Tissue	bto:0000450
IBS.Intolerance.2001.2002.bib	11268734	irritable bowel syndrome	Disease	doid:9778
IBS.Intolerance.2001.2002.bib	11268734	disease	Disease	doid:4
IBS.Intolerance.2001.2002.bib	11268734	inflammatory bowel disease	Disease	doid:0050589
IBS.Intolerance.2001.2002.bib	11963325	irritable bowel syndrome	Disease	doid:9778
IBS.Intolerance.2001.2002.bib	11963325	lactose intolerance	Disease	doid:10604
IBS.Intolerance.2001.2002.bib	11474909	blood	Tissue	bto:0000089
IBS.Intolerance.2001.2002.bib	11474909	lactose intolerance	Disease	doid:10604
IBS.Intolerance.2001.2002.bib	11474909	muscle	Tissue	bto:0000887
IBS.Intolerance.2001.2002.bib	11474909	bowel	Tissue	bto:0000648
IBS.Intolerance.2001.2002.bib	11474909	diarrhea	Disease	doid:13250
IBS.Intolerance.2001.2002.bib	11474909	irritable bowel syndrome	Disease	doid:9778
IBS.Intolerance.2001.2002.bib	11474909	constipation	Disease	doid:2089
IBS.Intolerance.2001.2002.bib	11474909	inflammatory bowel disease	Disease	doid:0050589
IBS.Intolerance.2001.2002.bib	11966507	bowel	Tissue	bto:0000648
IBS.Intolerance.2001.2002.bib	11966507	irritable bowel syndrome	Disease	doid:9778
IBS.Intolerance.2001.2002.bib	12241674	hypersensitivity	Biological Process	go:0002524
IBS.Intolerance.2001.2002.bib	12241674	blood	Tissue	bto:0000089
IBS.Intolerance.2001.2002.bib	12241674	rectal	Tissue	bto:0001158
IBS.Intolerance.2001.2002.bib	12241674	learning	Biological Process	go:0007612
IBS.Intolerance.2001.2002.bib	12241674	irritable bowel syndrome	Disease	doid:9778
IBS.Intolerance.2001.2002.bib	12241674	disease	Disease	doid:4
IBS.Intolerance.2001.2002.bib	12241674	adults	Tissue	bto:0001043
IBS.Intolerance.2001.2002.bib	12000015	sensitization	Biological Process	go:0046960
IBS.Intolerance.2001.2002.bib	12000015	multiple chemical sensitivity	Disease	doid:4661
IBS.Intolerance.2001.2002.bib	12014316	fibers	Tissue	bto:0000450
IBS.Intolerance.2001.2002.bib	12014316	fatty acids	Chemical Compound	cids00000283
IBS.Intolerance.2001.2002.bib	12014316	lactose intolerance	Disease	doid:10604
IBS.Intolerance.2001.2002.bib	12014316	human	Organism	9606
IBS.Intolerance.2001.2002.bib	12014316	diarrhea	Disease	doid:13250
IBS.Intolerance.2001.2002.bib	12014316	uterine	Chemical Compound	cids00008226
IBS.Intolerance.2001.2002.bib	12014316	growth	Biological Process	go:0040007
IBS.Intolerance.2001.2002.bib	12014316	allergy	Disease	doid:1205
IBS.Intolerance.2001.2002.bib	12014316	irritable bowel syndrome	Disease	doid:9778
IBS.Intolerance.2001.2002.bib	12014316	disease	Disease	doid:4
IBS.Intolerance.2001.2002.bib	11407668	hydrogen	Chemical Compound	cids05362549
IBS.Intolerance.2001.2002.bib	11407668	irritable bowel syndrome	Disease	doid:9778
IBS.Intolerance.2001.2002.bib	11407668	lactose	Chemical Compound	cids00084571
IBS.Intolerance.2001.2002.bib	11284772	immunoglobulins	Cellular Component	go:0019814
IBS.Intolerance.2001.2002.bib	11284772	skin	Tissue	bto:0001253
IBS.Intolerance.2001.2002.bib	11284772	immune system	Tissue	bto:0005810
IBS.Intolerance.2001.2002.bib	11284772	irritable bowel syndrome	Disease	doid:9778
IBS.Intolerance.2001.2002.bib	11284772	disease	Disease	doid:4
IBS.Intolerance.2001.2002.bib	11284772	food hypersensitivity	Disease	doid:3044
IBS.Intolerance.1999.2000.bib	9922298	gastrointestinal disorder	Disease	doid:77
IBS.Intolerance.1999.2000.bib	9922298	lactose intolerance	Disease	doid:10604
IBS.Intolerance.1999.2000.bib	9922298	disease	Disease	doid:4
IBS.Intolerance.1999.2000.bib	9922298	defecation	Biological Process	go:0030421
IBS.Intolerance.1999.2000.bib	9922298	diarrhea	Disease	doid:13250
IBS.Intolerance.1999.2000.bib	9922298	fiber	Tissue	bto:0000450
IBS.Intolerance.1999.2000.bib	9922298	irritable bowel syndrome	Disease	doid:9778
IBS.Intolerance.1999.2000.bib	9922298	constipation	Disease	doid:2089
IBS.Intolerance.1999.2000.bib	9922298	inflammatory bowel disease	Disease	doid:0050589
IBS.Intolerance.1999.2000.bib	10406255	irritable bowel syndrome	Disease	doid:9778
IBS.Intolerance.1999.2000.bib	10406255	gastrointestinal disorder	Disease	doid:77
IBS.Intolerance.1999.2000.bib	10758070	irritable bowel syndrome	Disease	doid:9778
IBS.Intolerance.1999.2000.bib	10979349	sorbitol	Chemical Compound	cids00005780
IBS.Intolerance.1999.2000.bib	10979349	lactose	Chemical Compound	cids00084571
IBS.Intolerance.1999.2000.bib	10979349	sugar(s	Chemical Compound	cids00005988
IBS.Intolerance.1999.2000.bib	10979349	fructose	Chemical Compound	cids00439709
IBS.Intolerance.1999.2000.bib	10979349	bowel	Tissue	bto:0000648
IBS.Intolerance.1999.2000.bib	10979349	irritable bowel syndrome	Disease	doid:9778
IBS.Intolerance.1999.2000.bib	10456715	irritable bowel syndrome	Disease	doid:9778
IBS.Intolerance.1999.2000.bib	10456715	lactose	Chemical Compound	cids00084571
IBS.Intolerance.1999.2000.bib	10235207	hydrogen	Chemical Compound	cids05362549
IBS.Intolerance.1999.2000.bib	10235207	lactose	Chemical Compound	cids00084571
IBS.Intolerance.1999.2000.bib	10235207	bowel	Tissue	bto:0000648
IBS.Intolerance.1999.2000.bib	10235207	irritable bowel syndrome	Disease	doid:9778
IBS.Intolerance.1999.2000.bib	10235207	disease	Disease	doid:4
IBS.Intolerance.1999.2000.bib	10235207	thyroid	Tissue	bto:0001379
IBS.Intolerance.1999.2000.bib	11099057	fatty acids	Chemical Compound	cids00000283
IBS.Intolerance.1999.2000.bib	11099057	bacteria	Organism	1869227
IBS.Intolerance.1999.2000.bib	11099057	co2	Chemical Compound	cids00000280
IBS.Intolerance.1999.2000.bib	11099057	osmotic diarrhea	Disease	doid:0050130
IBS.Intolerance.1999.2000.bib	11099057	colon	Organism	1542223
IBS.Intolerance.1999.2000.bib	11099057	fructose	Chemical Compound	cids00439709
IBS.Intolerance.1999.2000.bib	11099057	irritable bowel syndrome	Disease	doid:9778
IBS.Intolerance.1999.2000.bib	11099057	mental depression	Disease	doid:1596
IBS.Intolerance.1999.2000.bib	10638576	irritable bowel syndrome	Disease	doid:9778
IBS.Intolerance.1999.2000.bib	10638576	pathogenesis	Biological Process	go:0009405
IBS.Intolerance.1999.2000.bib	10721914	lactic acid	Chemical Compound	cids00000612
IBS.Intolerance.1999.2000.bib	10721914	bacteria	Organism	1869227
IBS.Intolerance.1999.2000.bib	10721914	humans	Organism	9605
IBS.Intolerance.1999.2000.bib	10721914	sucrase	Molecular Function	go:0004575
IBS.Intolerance.1999.2000.bib	10721914	vibrio cholerae	Organism	666
IBS.Intolerance.1999.2000.bib	10721914	maltase	Genes/Proteins	spbc1683.07.1
IBS.Intolerance.1999.2000.bib	10721914	synthesis	Biological Process	go:0009058
IBS.Intolerance.1999.2000.bib	10721914	bowel	Tissue	bto:0000648
IBS.Intolerance.1999.2000.bib	10721914	bacillus sp	Organism	1409
IBS.Intolerance.1999.2000.bib	10721914	propionibacterium sp	Organism	1977903
IBS.Intolerance.1999.2000.bib	10721914	irritable bowel syndrome	Disease	doid:9778
IBS.Intolerance.1999.2000.bib	10721914	enterococcus sp	Organism	35783
IBS.Intolerance.1999.2000.bib	10721914	intestinal disease	Disease	doid:5295
IBS.Intolerance.1999.2000.bib	10721914	gastroenteritis	Disease	doid:2326
IBS.Intolerance.1999.2000.bib	10721914	mucosal	Tissue	bto:0000886
IBS.Intolerance.1999.2000.bib	10721914	e. coli	Organism	562
IBS.Intolerance.1999.2000.bib	10721914	bifidobacterium sp	Organism	41200
IBS.Intolerance.1999.2000.bib	10721914	epithelial	Tissue	bto:0000416
IBS.Intolerance.1999.2000.bib	10721914	lactose intolerance	Disease	doid:10604
IBS.Intolerance.1999.2000.bib	10721914	inflammatory bowel disease	Disease	doid:0050589
IBS.Intolerance.1999.2000.bib	10721914	bacteroides sp	Organism	29523
IBS.Intolerance.1999.2000.bib	10721914	fungi	Organism	4751
IBS.Intolerance.1999.2000.bib	10721914	acquired immunodeficiency disorder	Disease	doid:635
IBS.Intolerance.1999.2000.bib	10721914	lactobacillus sp	Organism	1591
IBS.Intolerance.1999.2000.bib	10721914	helicobacter pylori	Organism	210
IBS.Intolerance.1999.2000.bib	10721914	clostridium difficile	Organism	1496
IBS.Intolerance.1999.2000.bib	10721914	human immunodeficiency virus	Organism	12721
IBS.Intolerance.1999.2000.bib	10721914	diarrhea	Disease	doid:13250
IBS.Intolerance.1999.2000.bib	10721914	streptococcus sp	Organism	1306
IBS.Intolerance.1999.2000.bib	10721914	salmonella	Organism	590
IBS.Intolerance.1999.2000.bib	10721914	shigella	Organism	620
IBS.Intolerance.1999.2000.bib	10721914	rotavirus	Organism	10912
IBS.Intolerance.1999.2000.bib	11144036	zes	Disease	doid:0050782
IBS.Intolerance.1999.2000.bib	11144036	men-1	Genes/Proteins	ensp00000337088
IBS.Intolerance.1999.2000.bib	11144036	multiple endocrine neoplasia-type 1	Disease	doid:10017
IBS.Intolerance.1999.2000.bib	10192605	lactase	Genes/Proteins	ensrnop00000004908
IBS.Intolerance.1999.2000.bib	10192605	lactose	Chemical Compound	cids00084571
IBS.Intolerance.1999.2000.bib	10192605	hydrogen	Chemical Compound	cids00000783
IBS.Intolerance.1999.2000.bib	10192605	irritable bowel syndrome	Disease	doid:9778
IBS.Intolerance.1999.2000.bib	10192605	jejunal	Tissue	bto:0000657
IBS.Intolerance.1999.2000.bib	10637967	fibromyalgia	Disease	doid:631
IBS.Intolerance.1999.2000.bib	10637967	bladder syndrome	Disease	doid:365
IBS.Intolerance.1999.2000.bib	10637967	pain syndrome	Disease	doid:0060164
IBS.Intolerance.1999.2000.bib	10637967	irritable bowel syndrome	Disease	doid:9778
IBS.Intolerance.1999.2000.bib	10637967	disease	Disease	doid:4
IBS.Intolerance.1999.2000.bib	10637967	sleep	Biological Process	go:0030431
IBS.Intolerance.2011.2012.bib	21224837	celiac disease	Disease	doid:10608
IBS.Intolerance.2011.2012.bib	22825366	wheat	Organism	4565
IBS.Intolerance.2011.2012.bib	21786845	lactose intolerance	Disease	doid:10604
IBS.Intolerance.2011.2012.bib	21786845	necrotizing enterocolitis	Disease	doid:8677
IBS.Intolerance.2011.2012.bib	21786845	human	Organism	9606
IBS.Intolerance.2011.2012.bib	21786845	diarrhoea	Disease	doid:13250
IBS.Intolerance.2011.2012.bib	21786845	irritable bowel syndrome	Disease	doid:9778
IBS.Intolerance.2011.2012.bib	21786845	disease	Disease	doid:4
IBS.Intolerance.2011.2012.bib	21786845	inflammatory bowel disease	Disease	doid:0050589
IBS.Intolerance.2011.2012.bib	21786845	constipation	Disease	doid:2089
IBS.Intolerance.2011.2012.bib	22366773	hypersensitivity	Biological Process	go:0002524
IBS.Intolerance.2011.2012.bib	22366773	calcium	Genes/Proteins	fbpp0088134
IBS.Intolerance.2011.2012.bib	22366773	phosphorus	Chemical Compound	cids00024404
IBS.Intolerance.2011.2012.bib	22366773	hormones	Molecular Function	go:0005179
IBS.Intolerance.2011.2012.bib	22366773	irritable bowel syndrome	Disease	doid:9778
IBS.Intolerance.2011.2012.bib	22366773	food allergy	Disease	doid:3044
IBS.Intolerance.2011.2012.bib	22617074	diarrhoea	Disease	doid:13250
IBS.Intolerance.2011.2012.bib	22617074	irritable bowel syndrome	Disease	doid:9778
IBS.Intolerance.2011.2012.bib	22617074	constipation	Disease	doid:2089
IBS.Intolerance.2011.2012.bib	22617074	coeliac disease	Disease	doid:10608
IBS.Intolerance.2011.2012.bib	22617074	lactose intolerance	Disease	doid:10604
IBS.Intolerance.2011.2012.bib	21443725	bowel	Tissue	bto:0000648
IBS.Intolerance.2011.2012.bib	23384810	diarrhoea	Disease	doid:13250
IBS.Intolerance.2011.2012.bib	23384810	disease	Disease	doid:4
IBS.Intolerance.2011.2012.bib	23384810	mucosal	Tissue	bto:0000886
IBS.Intolerance.2011.2012.bib	22429360	diarrhoea	Disease	doid:13250
IBS.Intolerance.2011.2012.bib	22429360	irritable bowel syndrome	Disease	doid:9778
IBS.Intolerance.2011.2012.bib	22429360	d-ibs	Chemical Compound	cids00007228
IBS.Intolerance.2011.2012.bib	22891508	comt	Genes/Proteins	ensgalp00000003143
IBS.Intolerance.2011.2012.bib	22891508	autonomic nervous system	Tissue	bto:0002507
IBS.Intolerance.2011.2012.bib	22891508	catechol-o-methyl transferase	Genes/Proteins	ensdarp00000038939
IBS.Intolerance.2011.2012.bib	22891508	lactose intolerance	Disease	doid:10604
IBS.Intolerance.2011.2012.bib	22891508	bowel	Tissue	bto:0000648
IBS.Intolerance.2011.2012.bib	22891508	tryptophan hydroxylase	Genes/Proteins	ensp00000250018
IBS.Intolerance.2011.2012.bib	22891508	cancer	Disease	doid:162
IBS.Intolerance.2011.2012.bib	22891508	irritable bowel syndrome	Disease	doid:9778
IBS.Intolerance.2011.2012.bib	22891508	disease	Disease	doid:4
IBS.Intolerance.2011.2012.bib	22891508	sert	Genes/Proteins	ensbtap00000025774
IBS.Intolerance.2011.2012.bib	22891508	neurotransmission	Biological Process	go:0007268
IBS.Intolerance.2011.2012.bib	22891508	serotonin	Chemical Compound	cids00005202
IBS.Intolerance.2011.2012.bib	22891508	diarrhea	Disease	doid:13250
IBS.Intolerance.2011.2012.bib	22891508	constipation	Disease	doid:2089
IBS.Intolerance.2011.2012.bib	22891508	alpha2-adrenergic receptor	Molecular Function	go:0004938
IBS.Intolerance.2011.2012.bib	20631041	irritable bowel syndrome	Disease	doid:9778
IBS.Intolerance.2011.2012.bib	22314561	gastrointestinal tract	Tissue	bto:0000511
IBS.Intolerance.2011.2012.bib	22314561	homeostasis	Biological Process	go:0042592
IBS.Intolerance.2011.2012.bib	22314561	brain	Tissue	bto:0000142
IBS.Intolerance.2011.2012.bib	22989008	lactase	Genes/Proteins	ensrnop00000004908
IBS.Intolerance.2011.2012.bib	22989008	a-22018	Chemical Compound	cids00234561
IBS.Intolerance.2011.2012.bib	22989008	irritable bowel syndrome	Disease	doid:9778
IBS.Intolerance.2011.2012.bib	21793722	glucose	Chemical Compound	cids53782692
IBS.Intolerance.2011.2012.bib	21793722	fructose	Chemical Compound	cids00439709
IBS.Intolerance.2011.2012.bib	21793722	corn syrup	Chemical Compound	cids00005793
IBS.Intolerance.2011.2012.bib	21793722	irritable bowel syndrome	Disease	doid:9778
IBS.Intolerance.2011.2012.bib	21679125	dendritic cells	Tissue	bto:0002042
IBS.Intolerance.2011.2012.bib	21679125	b-cell activating factor	Genes/Proteins	ensp00000365048
IBS.Intolerance.2011.2012.bib	21679125	hospital	Environment	envo:00002173
IBS.Intolerance.2011.2012.bib	21679125	irritable bowel syndrome	Disease	doid:9778
IBS.Intolerance.2011.2012.bib	21679125	adults	Tissue	bto:0001043
IBS.Intolerance.2011.2012.bib	21679125	food hypersensitivity	Disease	doid:3044
IBS.Intolerance.2011.2012.bib	23224632	lactose intolerance	Disease	doid:10604
IBS.Intolerance.2011.2012.bib	23224632	fructose	Chemical Compound	cids00439709
IBS.Intolerance.2011.2012.bib	23224632	diarrhea	Disease	doid:13250
IBS.Intolerance.2011.2012.bib	23224632	irritable bowel syndrome	Disease	doid:9778
IBS.Intolerance.2011.2012.bib	23224632	lit	Genes/Proteins	ensmusp00000068120
IBS.Intolerance.2011.2012.bib	23224632	adults	Tissue	bto:0001043
IBS.Intolerance.2011.2012.bib	21443718	irritable bowel syndrome	Disease	doid:9778
IBS.Intolerance.2011.2012.bib	21443718	pathogenesis	Biological Process	go:0009405
IBS.Intolerance.2011.2012.bib	20871407	lactulose	Chemical Compound	cids00011333
IBS.Intolerance.2011.2012.bib	20871407	irritable bowel syndrome	Disease	doid:9778
IBS.Intolerance.2011.2012.bib	20871407	constipation	Disease	doid:2089
IBS.Intolerance.2011.2012.bib	20871407	diarrhea	Disease	doid:13250
IBS.Intolerance.2011.2012.bib	20871407	methane	Chemical Compound	cids00000297
IBS.Intolerance.2011.2012.bib	22499466	bifidobacteria	Organism	1678
IBS.Intolerance.2011.2012.bib	22499466	bacteria	Organism	1869227
IBS.Intolerance.2011.2012.bib	22499466	cholesterol	Chemical Compound	cids00005997
IBS.Intolerance.2011.2012.bib	22499466	lactose intolerance	Disease	doid:10604
IBS.Intolerance.2011.2012.bib	22499466	clostridium difficile	Organism	1496
IBS.Intolerance.2011.2012.bib	22499466	inflammatory bowel diseases	Disease	doid:0050589
IBS.Intolerance.2011.2012.bib	22499466	lactobacilli	Organism	1578
IBS.Intolerance.2011.2012.bib	22499466	bowel	Tissue	bto:0000648
IBS.Intolerance.2011.2012.bib	22499466	diarrhea	Disease	doid:13250
IBS.Intolerance.2011.2012.bib	22499466	immune system	Tissue	bto:0005810
IBS.Intolerance.2011.2012.bib	22499466	cancer	Disease	doid:162
IBS.Intolerance.2011.2012.bib	22499466	irritable bowel syndrome	Disease	doid:9778
IBS.Intolerance.2011.2012.bib	22499466	constipation	Disease	doid:2089
IBS.Intolerance.2011.2012.bib	22499466	synthesis	Biological Process	go:0009058
IBS.Intolerance.2011.2012.bib	23211856	irritable bowel syndrome	Disease	doid:9778
IBS.Intolerance.2011.2012.bib	23211856	diarrhea	Disease	doid:13250
IBS.Intolerance.2011.2012.bib	23211856	wheat	Organism	4565
IBS.Intolerance.2011.2012.bib	23211856	fructans	Chemical Compound	cids00440946
IBS.Intolerance.2011.2012.bib	23211856	celiac disease	Disease	doid:10608
IBS.Intolerance.2011.2012.bib	21666425	hypersensitivity	Biological Process	go:0002524
IBS.Intolerance.2011.2012.bib	21666425	fibromyalgia	Disease	doid:631
IBS.Intolerance.2011.2012.bib	21666425	lactose intolerance	Disease	doid:10604
IBS.Intolerance.2011.2012.bib	21666425	cytokine activity	Molecular Function	go:0005125
IBS.Intolerance.2011.2012.bib	21666425	celiac disease	Disease	doid:10608
IBS.Intolerance.2011.2012.bib	21666425	secretion	Biological Process	go:0046903
IBS.Intolerance.2011.2012.bib	21666425	chronic fatigue syndrome	Disease	doid:8544
IBS.Intolerance.2011.2012.bib	21666425	irritable bowel syndrome	Disease	doid:9778
IBS.Intolerance.2011.2012.bib	21666425	immune cells	Tissue	bto:0000751
IBS.Intolerance.2011.2012.bib	21651347	tegaserod	Chemical Compound	cids05362436
IBS.Intolerance.2011.2012.bib	21651347	linaclotide	Chemical Compound	cids16158207
IBS.Intolerance.2011.2012.bib	21651347	intestinal epithelial cells	Tissue	bto:0005937
IBS.Intolerance.2011.2012.bib	21651347	human	Organism	9606
IBS.Intolerance.2011.2012.bib	21651347	lubiprostone	Chemical Compound	cids00157920
IBS.Intolerance.2011.2012.bib	21651347	irritable bowel syndrome	Disease	doid:9778
IBS.Intolerance.2011.2012.bib	21651347	constipation	Disease	doid:2089
IBS.Intolerance.2011.2012.bib	21651347	disease	Disease	doid:4
IBS.Intolerance.2011.2012.bib	22086322	barium	Chemical Compound	cids00104810
IBS.Intolerance.2011.2012.bib	22086322	chest	Tissue	bto:0001368
IBS.Intolerance.2011.2012.bib	22086322	duodenum	Tissue	bto:0000365
IBS.Intolerance.2011.2012.bib	22086322	bowel	Tissue	bto:0000648
IBS.Intolerance.2011.2012.bib	22086322	rheumatoid arthritis	Disease	doid:7148
IBS.Intolerance.2011.2012.bib	22086322	albumin	Genes/Proteins	ensgalp00000019031
IBS.Intolerance.2011.2012.bib	22086322	irritable bowel syndrome	Disease	doid:9778
IBS.Intolerance.2011.2012.bib	22086322	villi	Tissue	bto:0003121
IBS.Intolerance.2011.2012.bib	22086322	celiac disease	Disease	doid:10608
IBS.Intolerance.2011.2012.bib	22086322	colonic mucosa	Tissue	bto:0000271
IBS.Intolerance.2011.2012.bib	22086322	transglutaminase	Molecular Function	go:0003810
IBS.Intolerance.2011.2012.bib	22086322	hb 12	Genes/Proteins	ensp00000237889
IBS.Intolerance.2011.2012.bib	22086322	nodules	Tissue	bto:0001190
IBS.Intolerance.2011.2012.bib	22086322	erythrocyte	Tissue	bto:0000424
IBS.Intolerance.2011.2012.bib	22086322	pelvis	Tissue	bto:0001006
IBS.Intolerance.2011.2012.bib	22086322	ileum	Tissue	bto:0000620
IBS.Intolerance.2011.2012.bib	22086322	gastritis	Disease	doid:4029
IBS.Intolerance.2011.2012.bib	22086322	lactose	Chemical Compound	cids00084571
IBS.Intolerance.2011.2012.bib	22086322	mucosa	Tissue	bto:0000886
IBS.Intolerance.2011.2012.bib	22086322	lymphocytes	Tissue	bto:0000775
IBS.Intolerance.2011.2012.bib	22086322	jejunum	Tissue	bto:0000657
IBS.Intolerance.2011.2012.bib	22086322	abdomen	Tissue	bto:0000020
IBS.Intolerance.2011.2012.bib	22064333	irritable bowel syndrome	Disease	doid:9778
IBS.Intolerance.2011.2012.bib	22064333	diarrhea	Disease	doid:13250
IBS.Intolerance.2011.2012.bib	22064333	lactose intolerance	Disease	doid:10604
IBS.Intolerance.2011.2012.bib	23246646	lactase	Genes/Proteins	ensrnop00000004908
IBS.Intolerance.2011.2012.bib	23246646	d-ibs	Chemical Compound	cids00007228
IBS.Intolerance.2011.2012.bib	23246646	lactose	Chemical Compound	cids00084571
IBS.Intolerance.2011.2012.bib	23246646	diarrhea	Disease	doid:13250
IBS.Intolerance.2011.2012.bib	23246646	irritable bowel syndrome	Disease	doid:9778
IBS.Intolerance.1997.1998.bib	9840105	gastrointestinal tract	Tissue	bto:0000511
IBS.Intolerance.1997.1998.bib	9840105	irritable bowel syndrome	Disease	doid:9778
IBS.Intolerance.1997.1998.bib	9840105	food allergy	Disease	doid:3044
IBS.Intolerance.1997.1998.bib	9777836	irritable bowel syndrome	Disease	doid:9778
IBS.Intolerance.1997.1998.bib	9777836	gastroenteritis	Disease	doid:2326
IBS.Intolerance.1997.1998.bib	9824144	bacteria	Organism	1869227
IBS.Intolerance.1997.1998.bib	9824144	lactase	Genes/Proteins	ensbtap00000020185
IBS.Intolerance.1997.1998.bib	9824144	colon	Organism	1542223
IBS.Intolerance.1997.1998.bib	9824144	lactose	Chemical Compound	cids00006134
IBS.Intolerance.1997.1998.bib	9824144	mucosal	Tissue	bto:0000886
IBS.Intolerance.1997.1998.bib	9824144	irritable bowel syndrome	Disease	doid:9778
IBS.Intolerance.1997.1998.bib	9824144	l-tryptophan	Chemical Compound	cids00006305
IBS.Intolerance.1997.1998.bib	9824144	co2	Chemical Compound	cids00000280
IBS.Intolerance.1997.1998.bib	9824144	mental depression	Disease	doid:1596
IBS.Intolerance.1997.1998.bib	9824144	short-chain fatty acids	Chemical Compound	cids00517045
IBS.Intolerance.1997.1998.bib	9824144	osmotic diarrhea	Disease	doid:0050130
IBS.Intolerance.1997.1998.bib	9824144	5-hydroxytryptamine (serotonin	Chemical Compound	cids00005202
IBS.Intolerance.1997.1998.bib	9824144	metabolism	Biological Process	go:0008152
IBS.Intolerance.1997.1998.bib	9810810	irritable bowel syndrome	Disease	doid:9778
IBS.Intolerance.1997.1998.bib	9810810	lactose	Chemical Compound	cids00084571
IBS.Intolerance.1997.1998.bib	9810810	lactose intolerance	Disease	doid:10604
IBS.Intolerance.1997.1998.bib	9742907	lactase	Genes/Proteins	ensrnop00000004908
IBS.Intolerance.1997.1998.bib	9742907	calcium	Genes/Proteins	fbpp0088134
IBS.Intolerance.1997.1998.bib	9742907	lactose	Chemical Compound	cids00084571
IBS.Intolerance.1997.1998.bib	9742907	lactose intolerance	Disease	doid:10604
IBS.Intolerance.1997.1998.bib	9742907	adult	Tissue	bto:0001043
IBS.Intolerance.1997.1998.bib	9742907	lactase activity	Molecular Function	go:0000016
IBS.Intolerance.1997.1998.bib	9742907	irritable bowel syndrome	Disease	doid:9778
IBS.Intolerance.1997.1998.bib	9537618	lactose intolerance	Disease	doid:10604
IBS.Intolerance.1997.1998.bib	9537618	lactose	Chemical Compound	cids00084571
IBS.Intolerance.1997.1998.bib	9537618	ethanol	Chemical Compound	cids00000702
IBS.Intolerance.1997.1998.bib	9537618	bowel	Tissue	bto:0000648
IBS.Intolerance.1997.1998.bib	9537618	irritable bowel syndrome	Disease	doid:9778
IBS.Intolerance.1997.1998.bib	9537618	disease	Disease	doid:4
IBS.Intolerance.2009.2010.bib	20822728	irritable bowel syndrome	Disease	doid:9778
IBS.Intolerance.2009.2010.bib	20822728	disease	Disease	doid:4
IBS.Intolerance.2009.2010.bib	20822728	aortic aneurysm	Disease	doid:3627
IBS.Intolerance.2009.2010.bib	20822728	lactose intolerance	Disease	doid:10604
IBS.Intolerance.2009.2010.bib	19889824	lactose	Chemical Compound	cids00084571
IBS.Intolerance.2009.2010.bib	19889824	lactase phlorizin hydrolase	Genes/Proteins	ensrnop00000004908
IBS.Intolerance.2009.2010.bib	20369147	irritable bowel syndrome	Disease	doid:9778
IBS.Intolerance.2009.2010.bib	20851732	bacteria	Organism	1869227
IBS.Intolerance.2009.2010.bib	20851732	heart	Tissue	bto:0000562
IBS.Intolerance.2009.2010.bib	20851732	growth	Biological Process	go:0040007
IBS.Intolerance.2009.2010.bib	20851732	muscle	Tissue	bto:0000887
IBS.Intolerance.2009.2010.bib	20851732	small intestine	Tissue	bto:0000651
IBS.Intolerance.2009.2010.bib	20851732	signalling	Biological Process	go:0023052
IBS.Intolerance.2009.2010.bib	20851732	lactose	Chemical Compound	cids00084571
IBS.Intolerance.2009.2010.bib	20851732	irritable bowel syndrome	Disease	doid:9778
IBS.Intolerance.2009.2010.bib	20851732	calcium	Genes/Proteins	fbpp0088134
IBS.Intolerance.2009.2010.bib	20851732	butan 2,3 diol	Chemical Compound	cids00000262
IBS.Intolerance.2009.2010.bib	20851732	diarrhoea	Disease	doid:13250
IBS.Intolerance.2009.2010.bib	20851732	digestion	Biological Process	go:0007586
IBS.Intolerance.2009.2010.bib	20851732	constipation	Disease	doid:2089
IBS.Intolerance.2009.2010.bib	20851732	memory	Biological Process	go:0007613
IBS.Intolerance.2009.2010.bib	20851732	type 2 diabetes	Disease	doid:9352
IBS.Intolerance.2009.2010.bib	19738525	irritable bowel syndrome	Disease	doid:9778
IBS.Intolerance.2009.2010.bib	19738525	lactose	Chemical Compound	cids00084571
IBS.Intolerance.2009.2010.bib	19738525	fructose	Chemical Compound	cids00439709
IBS.Intolerance.2009.2010.bib	19765364	fructans	Chemical Compound	cids00440946
IBS.Intolerance.2009.2010.bib	19765364	sorbitol	Chemical Compound	cids00005780
IBS.Intolerance.2009.2010.bib	19765364	small intestine	Tissue	bto:0000651
IBS.Intolerance.2009.2010.bib	19765364	lactose	Chemical Compound	cids00084571
IBS.Intolerance.2009.2010.bib	19765364	fructose	Chemical Compound	cids00439709
IBS.Intolerance.2009.2010.bib	19765364	bowel	Tissue	bto:0000648
IBS.Intolerance.2009.2010.bib	19765364	diarrhea	Disease	doid:13250
IBS.Intolerance.2009.2010.bib	19765364	irritable bowel syndrome	Disease	doid:9778
IBS.Intolerance.2009.2010.bib	19765364	disease	Disease	doid:4
IBS.Intolerance.2009.2010.bib	19760990	hydrogen	Chemical Compound	cids05362549
IBS.Intolerance.2009.2010.bib	19760990	hbt	Genes/Proteins	at2g20000.1
IBS.Intolerance.2009.2010.bib	19760990	lactose	Chemical Compound	cids00084571
IBS.Intolerance.2009.2010.bib	19445282	intestine	Tissue	bto:0000648
IBS.Intolerance.2009.2010.bib	19445282	lactose intolerance	Disease	doid:10604
IBS.Intolerance.2009.2010.bib	19445282	clostridium difficile	Organism	1496
IBS.Intolerance.2009.2010.bib	19445282	allergic	Disease	doid:3310
IBS.Intolerance.2009.2010.bib	19445282	inflammatory bowel diseases	Disease	doid:0050589
IBS.Intolerance.2009.2010.bib	19445282	diarrhea	Disease	doid:13250
IBS.Intolerance.2009.2010.bib	19445282	bacterial vaginosis	Disease	doid:3385
IBS.Intolerance.2009.2010.bib	19445282	helicobacter pylori	Organism	210
IBS.Intolerance.2009.2010.bib	19445282	irritable bowel syndrome	Disease	doid:9778
IBS.Intolerance.2009.2010.bib	19445282	rotavirus	Organism	10912
IBS.Intolerance.2009.2010.bib	19559137	fibers	Tissue	bto:0000450
IBS.Intolerance.2009.2010.bib	19559137	fructans	Chemical Compound	cids00440946
IBS.Intolerance.2009.2010.bib	19559137	sorbitol	Chemical Compound	cids00005780
IBS.Intolerance.2009.2010.bib	19559137	fructose	Chemical Compound	cids00439709
IBS.Intolerance.2009.2010.bib	19559137	irritable bowel syndrome	Disease	doid:9778
IBS.Intolerance.2009.2010.bib	19559137	constipation	Disease	doid:2089
IBS.Intolerance.2009.2010.bib	19559137	wheat	Organism	4565
IBS.Intolerance.2009.2010.bib	19559137	peppermint oil	Chemical Compound	cids06850741
IBS.Intolerance.2009.2010.bib	19388514	bacteria	Organism	1869227
IBS.Intolerance.2009.2010.bib	19388514	lactose	Chemical Compound	cids00084571
IBS.Intolerance.2009.2010.bib	19388514	intestine	Tissue	bto:0000648
IBS.Intolerance.2009.2010.bib	19388514	fermentation	Biological Process	go:0006113
IBS.Intolerance.2009.2010.bib	20631041	irritable bowel syndrome	Disease	doid:9778
IBS.Intolerance.2009.2010.bib	20214190	bacteria	Organism	1869227
IBS.Intolerance.2009.2010.bib	20214190	hydrogen	Chemical Compound	cids05362549
IBS.Intolerance.2009.2010.bib	20214190	steatorrhea	Disease	doid:10602
IBS.Intolerance.2009.2010.bib	20214190	lactose intolerance	Disease	doid:10604
IBS.Intolerance.2009.2010.bib	20214190	stenosis	Genes/Proteins	fbpp0302999
IBS.Intolerance.2009.2010.bib	20214190	small intestine	Tissue	bto:0000651
IBS.Intolerance.2009.2010.bib	20214190	macrocytic anemia	Disease	doid:2361
IBS.Intolerance.2009.2010.bib	20214190	diarrhea	Disease	doid:13250
IBS.Intolerance.2009.2010.bib	20214190	coeliac disease	Disease	doid:10608
IBS.Intolerance.2009.2010.bib	20214190	irritable bowel syndrome	Disease	doid:9778
IBS.Intolerance.2009.2010.bib	19865517	bacteria	Organism	1869227
IBS.Intolerance.2009.2010.bib	19865517	hypertension	Disease	doid:10763
IBS.Intolerance.2009.2010.bib	19865517	lactose intolerance	Disease	doid:10604
IBS.Intolerance.2009.2010.bib	19865517	renin	Genes/Proteins	ensrnop00000003951
IBS.Intolerance.2009.2010.bib	19865517	hormones	Molecular Function	go:0005179
IBS.Intolerance.2009.2010.bib	19865517	irritable bowel syndrome	Disease	doid:9778
IBS.Intolerance.2009.2010.bib	19865517	cholesterol	Chemical Compound	cids00005997
IBS.Intolerance.2009.2010.bib	19865517	progesterone	Chemical Compound	cids00005994
IBS.Intolerance.2009.2010.bib	19865517	insulin	Genes/Proteins	ensgalp00000010567
IBS.Intolerance.2009.2010.bib	19865517	estrogen	Chemical Compound	cids00448537
IBS.Intolerance.2009.2010.bib	19865517	diarrhea	Disease	doid:13250
IBS.Intolerance.2009.2010.bib	19865517	constipation	Disease	doid:2089
IBS.Intolerance.2009.2010.bib	19865517	diabetes	Disease	doid:9351
IBS.Intolerance.2009.2010.bib	19906102	intestine	Tissue	bto:0000648
IBS.Intolerance.2009.2010.bib	19906102	slim	Genes/Proteins	ensmusp00000116200
IBS.Intolerance.2009.2010.bib	19906102	metabolism	Biological Process	go:0008152
IBS.Intolerance.2009.2010.bib	19906102	allergy	Disease	doid:1205
IBS.Intolerance.2009.2010.bib	19906102	irritable bowel syndrome	Disease	doid:9778
IBS.Intolerance.2009.2010.bib	19303538	bowel	Tissue	bto:0000648
IBS.Intolerance.2009.2010.bib	19303538	irritable bowel syndrome	Disease	doid:9778
IBS.Intolerance.2009.2010.bib	19303538	pathogenesis	Biological Process	go:0009405
IBS.Intolerance.2009.2010.bib	19303538	intestinal epithelial	Tissue	bto:0000781
IBS.Intolerance.2009.2010.bib	20562801	mucosa	Tissue	bto:0000886
IBS.Intolerance.2009.2010.bib	20562801	irritable bowel syndrome	Disease	doid:9778
IBS.Intolerance.2009.2010.bib	20562801	diarrhea	Disease	doid:13250
IBS.Intolerance.2009.2010.bib	20562801	duodenal	Tissue	bto:0000365
IBS.Intolerance.2009.2010.bib	21169107	fructose	Chemical Compound	cids00439709
IBS.Intolerance.2009.2010.bib	20132150	gastrointestinal disease	Disease	doid:77
IBS.Intolerance.2009.2010.bib	20132150	lactose intolerance	Disease	doid:10604
IBS.Intolerance.2009.2010.bib	19689036	celiac disease	Disease	doid:10608
IBS.Intolerance.2009.2010.bib	19689036	diarrhea	Disease	doid:13250
IBS.Intolerance.2009.2010.bib	19689036	tissue transglutaminase	Genes/Proteins	ensgalp00000038435
IBS.Intolerance.2009.2010.bib	19689036	storage protein	Molecular Function	go:0045735
IBS.Intolerance.2009.2010.bib	19689036	defecation	Biological Process	go:0030421
IBS.Intolerance.2009.2010.bib	19689036	ttg	Genes/Proteins	ensmusp00000099411
IBS.Intolerance.2009.2010.bib	19689036	bowel	Tissue	bto:0000648
IBS.Intolerance.2009.2010.bib	19689036	irritable bowel syndrome	Disease	doid:9778
IBS.Intolerance.2009.2010.bib	19689036	wheat	Organism	4565
IBS.Intolerance.2009.2010.bib	19689036	adult	Tissue	bto:0001043
IBS.Intolerance.2005.2006.bib	16265970	irritable bowel syndrome	Disease	doid:9778
IBS.Intolerance.2005.2006.bib	16265970	allergy	Disease	doid:1205
IBS.Intolerance.2005.2006.bib	16265970	adults	Tissue	bto:0001043
IBS.Intolerance.2005.2006.bib	15961989	tegaserod	Chemical Compound	cids05362436
IBS.Intolerance.2005.2006.bib	15961989	gastroparesis	Disease	doid:11914
IBS.Intolerance.2005.2006.bib	15961989	gastric motility	Biological Process	go:0035482
IBS.Intolerance.2005.2006.bib	15961989	cisapride	Chemical Compound	cids00002769
IBS.Intolerance.2005.2006.bib	15961989	metoclopramide	Chemical Compound	cids00004168
IBS.Intolerance.2005.2006.bib	15961989	gastric emptying	Biological Process	go:0035483
IBS.Intolerance.2005.2006.bib	15961989	serotonin	Chemical Compound	cids00005202
IBS.Intolerance.2005.2006.bib	15961989	irritable bowel syndrome	Disease	doid:9778
IBS.Intolerance.2005.2006.bib	15961989	domperidone	Chemical Compound	cids00003151
IBS.Intolerance.2005.2006.bib	15861740	irritable bowel syndrome	Disease	doid:9778
IBS.Intolerance.2005.2006.bib	15862930	irritable bowel syndrome	Disease	doid:9778
IBS.Intolerance.2005.2006.bib	17229899	irritable bowel syndrome	Disease	doid:9778
IBS.Intolerance.2005.2006.bib	17229899	bacteria	Organism	1869227
IBS.Intolerance.2005.2006.bib	17229899	immune system	Tissue	bto:0005810
IBS.Intolerance.2005.2006.bib	16802539	mucosa	Tissue	bto:0000886
IBS.Intolerance.2005.2006.bib	16802539	bowel	Tissue	bto:0000648
IBS.Intolerance.2005.2006.bib	16802539	diarrhea	Disease	doid:13250
IBS.Intolerance.2005.2006.bib	16802539	enteric nervous system	Tissue	bto:0002506
IBS.Intolerance.2005.2006.bib	16802539	irritable bowel syndrome	Disease	doid:9778
IBS.Intolerance.2005.2006.bib	16042909	hypersensitivity	Biological Process	go:0002524
IBS.Intolerance.2005.2006.bib	16042909	fibromyalgia	Disease	doid:631
IBS.Intolerance.2005.2006.bib	16042909	lactose intolerance	Disease	doid:10604
IBS.Intolerance.2005.2006.bib	16042909	celiac disease	Disease	doid:10608
IBS.Intolerance.2005.2006.bib	16042909	dyspepsia	Disease	doid:2321
IBS.Intolerance.2005.2006.bib	16042909	gastroesophageal reflux disease	Disease	doid:8534
IBS.Intolerance.2005.2006.bib	16042909	chronic fatigue syndrome	Disease	doid:8544
IBS.Intolerance.2005.2006.bib	16042909	irritable bowel syndrome	Disease	doid:9778
IBS.Intolerance.2005.2006.bib	16042909	constipation	Disease	doid:2089
IBS.Intolerance.2005.2006.bib	16610003	irritable bowel syndrome	Disease	doid:9778
IBS.Intolerance.2005.2006.bib	16610003	dyspepsia	Disease	doid:2321
IBS.Intolerance.2005.2006.bib	16610003	giardia lamblia	Organism	5741
IBS.Intolerance.2005.2006.bib	16688829	irritable bowel syndrome	Disease	doid:9778
IBS.Intolerance.2005.2006.bib	16688829	skin	Tissue	bto:0001253
IBS.Intolerance.2005.2006.bib	16688829	allergens	Chemical Compound	cids06439874
IBS.Intolerance.2005.2006.bib	16230082	celiac disease	Disease	doid:10608
IBS.Intolerance.2005.2006.bib	16230082	dq8	Chemical Compound	cids57326580
IBS.Intolerance.2005.2006.bib	16230082	small intestine	Tissue	bto:0000651
IBS.Intolerance.2005.2006.bib	16230082	intestinal disorder	Disease	doid:5295
IBS.Intolerance.2005.2006.bib	16230082	t-cell	Tissue	bto:0000782
IBS.Intolerance.2005.2006.bib	16230082	dq2	Genes/Proteins	ensp00000345719
IBS.Intolerance.2005.2006.bib	16230082	rock	Environment	envo:00001995
IBS.Intolerance.2005.2006.bib	16230082	innate immune responses	Biological Process	go:0045087
IBS.Intolerance.2005.2006.bib	16230082	disease	Disease	doid:4
IBS.Intolerance.2005.2006.bib	16230082	wheat	Organism	4565
IBS.Intolerance.2005.2006.bib	16644460	tnf	Genes/Proteins	ensrnop00000001114
IBS.Intolerance.2005.2006.bib	16644460	lactose	Chemical Compound	cids00084571
IBS.Intolerance.2005.2006.bib	16644460	blood	Tissue	bto:0000089
IBS.Intolerance.2005.2006.bib	16644460	cd3e	Genes/Proteins	ensrnop00000047591
IBS.Intolerance.2005.2006.bib	16644460	necrosis	Biological Process	go:0008219
IBS.Intolerance.2005.2006.bib	16644460	collagenous colitis	Disease	doid:0060183
IBS.Intolerance.2005.2006.bib	16644460	beta2-microglobulin	Genes/Proteins	ensmusp00000099534
IBS.Intolerance.2005.2006.bib	16644460	giardia lamblia	Organism	5741
IBS.Intolerance.2005.2006.bib	16644460	prednisone	Chemical Compound	cids00005865
IBS.Intolerance.2005.2006.bib	16644460	tnf-alpha	Genes/Proteins	ensmusp00000025263
IBS.Intolerance.2005.2006.bib	16644460	irritable bowel syndrome	Disease	doid:9778
IBS.Intolerance.2005.2006.bib	16644460	protein-losing enteropathy	Disease	doid:10611
IBS.Intolerance.2005.2006.bib	16644460	disease	Disease	doid:4
IBS.Intolerance.2005.2006.bib	16644460	cd103	Genes/Proteins	ensdarp00000128773
IBS.Intolerance.2005.2006.bib	16644460	throat	Tissue	bto:0000828
IBS.Intolerance.2005.2006.bib	16644460	rce	Tissue	cldb:0004117
IBS.Intolerance.2005.2006.bib	16644460	celiac disease	Disease	doid:10608
IBS.Intolerance.2005.2006.bib	16644460	t-cell	Tissue	bto:0000782
IBS.Intolerance.2005.2006.bib	16644460	lymphoma	Disease	doid:0060058
IBS.Intolerance.2005.2006.bib	16644460	crypt	Tissue	bto:0000305
IBS.Intolerance.2005.2006.bib	16644460	lactate dehydrogenase	Genes/Proteins	f13d12.2
IBS.Intolerance.2005.2006.bib	16644460	small intestine	Tissue	bto:0000651
IBS.Intolerance.2005.2006.bib	16644460	ascaris lumbricoides	Organism	6252
IBS.Intolerance.2005.2006.bib	16644460	azathioprine	Chemical Compound	cids00002265
IBS.Intolerance.2005.2006.bib	16644460	lymphocytic colitis	Disease	doid:0060184
IBS.Intolerance.2005.2006.bib	16644460	osteoporosis	Disease	doid:11476
IBS.Intolerance.2005.2006.bib	16644460	small intestinal lymphoma	Disease	doid:13996
IBS.Intolerance.2005.2006.bib	16644460	tropical sprue	Disease	doid:10607
IBS.Intolerance.2005.2006.bib	16644460	fructose	Chemical Compound	cids00439709
IBS.Intolerance.2005.2006.bib	15862933	irritable bowel syndrome	Disease	doid:9778
IBS.Intolerance.2005.2006.bib	16738975	irritable bowel syndrome	Disease	doid:9778
IBS.Intolerance.2005.2006.bib	15749792	lactose	Chemical Compound	cids00084571
IBS.Intolerance.2005.2006.bib	16614950	adults	Tissue	bto:0001043
IBS.Intolerance.2005.2006.bib	16391571	irritable bowel syndrome	Disease	doid:9778
IBS.Intolerance.2005.2006.bib	16247191	hypersensitivity	Biological Process	go:0002524
IBS.Intolerance.2005.2006.bib	16247191	allergic	Disease	doid:3310
IBS.Intolerance.2005.2006.bib	16247191	inflammatory bowel syndrome	Disease	doid:0050589
IBS.Intolerance.2005.2006.bib	16247191	salicylic acid	Chemical Compound	cids00000338
IBS.Intolerance.2005.2006.bib	16247191	diarrhea	Disease	doid:13250
IBS.Intolerance.2005.2006.bib	16247191	gastrointestinal disease	Disease	doid:77
IBS.Intolerance.2005.2006.bib	16247191	disease	Disease	doid:4
IBS.Intolerance.2005.2006.bib	15984981	irritable bowel syndrome	Disease	doid:9778
IBS.Intolerance.2005.2006.bib	15984981	mucosal	Tissue	bto:0000886
IBS.Intolerance.2005.2006.bib	15767561	hypersensitivity	Biological Process	go:0002524
IBS.Intolerance.2005.2006.bib	15767561	microscopic colitis	Disease	doid:0060182
IBS.Intolerance.2005.2006.bib	15767561	5ht4	Genes/Proteins	ensdarp00000083373
IBS.Intolerance.2005.2006.bib	15767561	gastroenteritis	Disease	doid:2326
IBS.Intolerance.2005.2006.bib	15767561	lactose	Chemical Compound	cids00084571
IBS.Intolerance.2005.2006.bib	15767561	bowel	Tissue	bto:0000648
IBS.Intolerance.2005.2006.bib	15767561	5ht3 receptor	Cellular Component	go:1904602
IBS.Intolerance.2005.2006.bib	15767561	bile salt	Chemical Compound	cids00439520
IBS.Intolerance.2005.2006.bib	15767561	loperamide	Chemical Compound	cids00003954
IBS.Intolerance.2005.2006.bib	15767561	irritable bowel syndrome	Disease	doid:9778
IBS.Intolerance.2005.2006.bib	15767561	constipation	Disease	doid:2089
IBS.Intolerance.2005.2006.bib	15767561	wheat	Organism	4565
IBS.Intolerance.2005.2006.bib	16425541	tissue transglutaminase	Genes/Proteins	ensgalp00000038435
IBS.Intolerance.2005.2006.bib	16425541	celiac disease	Disease	doid:10608
IBS.Intolerance.2005.2006.bib	16425541	ttg	Genes/Proteins	at5g24520.1
IBS.Intolerance.2005.2006.bib	16425541	diarrhea	Disease	doid:13250
IBS.Intolerance.2005.2006.bib	16425541	irritable bowel disease	Disease	doid:9778
IBS.Intolerance.2005.2006.bib	16050861	celiac disease	Disease	doid:10608
IBS.Intolerance.2013.2014.bib	23567359	lactose intolerance	Disease	doid:10604
IBS.Intolerance.2013.2014.bib	23567359	hypersensitivities	Biological Process	go:0002524
IBS.Intolerance.2013.2014.bib	23567359	celiac disease	Disease	doid:10608
IBS.Intolerance.2013.2014.bib	23567359	dyspepsia	Disease	doid:2321
IBS.Intolerance.2013.2014.bib	23567359	gastroesophageal reflux disease	Disease	doid:8534
IBS.Intolerance.2013.2014.bib	23567359	irritable bowel syndrome	Disease	doid:9778
IBS.Intolerance.2013.2014.bib	23567359	food allergy	Disease	doid:3044
IBS.Intolerance.2013.2014.bib	23644955	irritable bowel syndrome	Disease	doid:9778
IBS.Intolerance.2013.2014.bib	25224307	gastrointestinal tract	Tissue	bto:0000511
IBS.Intolerance.2013.2014.bib	25224307	irritable bowel syndrome	Disease	doid:9778
IBS.Intolerance.2013.2014.bib	25224307	brain	Tissue	bto:0000142
IBS.Intolerance.2013.2014.bib	25083057	irritable bowel syndrome	Disease	doid:9778
IBS.Intolerance.2013.2014.bib	25083057	gut microbiome	Organism	749906
IBS.Intolerance.2013.2014.bib	25083057	brain	Tissue	bto:0000142
IBS.Intolerance.2013.2014.bib	25083057	pathogenesis	Biological Process	go:0009405
IBS.Intolerance.2013.2014.bib	25089542	hydrogen	Chemical Compound	cids05362549
IBS.Intolerance.2013.2014.bib	25089542	lactose intolerance	Disease	doid:10604
IBS.Intolerance.2013.2014.bib	25089542	lactose	Chemical Compound	cids00084571
IBS.Intolerance.2013.2014.bib	25089542	irritable bowel syndrome	Disease	doid:9778
IBS.Intolerance.2013.2014.bib	23470880	hydrogen	Chemical Compound	cids05362549
IBS.Intolerance.2013.2014.bib	23470880	humans	Organism	9605
IBS.Intolerance.2013.2014.bib	23470880	methane	Chemical Compound	cids00000297
IBS.Intolerance.2013.2014.bib	23470880	small intestine	Tissue	bto:0000651
IBS.Intolerance.2013.2014.bib	23470880	lactose	Chemical Compound	cids00084571
IBS.Intolerance.2013.2014.bib	23470880	adult	Tissue	bto:0001043
IBS.Intolerance.2013.2014.bib	23470880	bowel	Tissue	bto:0000648
IBS.Intolerance.2013.2014.bib	23470880	diarrhea	Disease	doid:13250
IBS.Intolerance.2013.2014.bib	23470880	carbon dioxide	Chemical Compound	cids00000280
IBS.Intolerance.2013.2014.bib	23470880	irritable bowel syndrome	Disease	doid:9778
IBS.Intolerance.2013.2014.bib	23701141	irritable bowel syndrome	Disease	doid:9778
IBS.Intolerance.2013.2014.bib	23756375	bacteria	Organism	1869227
IBS.Intolerance.2013.2014.bib	23756375	lactose intolerance	Disease	doid:10604
IBS.Intolerance.2013.2014.bib	23756375	bowel	Tissue	bto:0000648
IBS.Intolerance.2013.2014.bib	23756375	atopic dermatitis	Disease	doid:3310
IBS.Intolerance.2013.2014.bib	23756375	irritable bowel syndrome	Disease	doid:9778
IBS.Intolerance.2013.2014.bib	23756375	homeostasis	Biological Process	go:0042592
IBS.Intolerance.2013.2014.bib	23756375	transport	Biological Process	go:0006810
IBS.Intolerance.2013.2014.bib	23756375	human	Organism	9606
IBS.Intolerance.2013.2014.bib	23756375	immune system	Tissue	bto:0005810
IBS.Intolerance.2013.2014.bib	23756375	apoptosis	Biological Process	go:0097194
IBS.Intolerance.2013.2014.bib	23756375	bifidobacteria	Organism	1678
IBS.Intolerance.2013.2014.bib	23756375	cell wall	Cellular Component	go:0005618
IBS.Intolerance.2013.2014.bib	23756375	intestinal mucosal	Tissue	bto:0000642
IBS.Intolerance.2013.2014.bib	23756375	diarrhea	Disease	doid:13250
IBS.Intolerance.2013.2014.bib	23756375	cholesterol lowering	Chemical Compound	cids11025495
IBS.Intolerance.2013.2014.bib	23756375	rheumatoid arthritis	Disease	doid:7148
IBS.Intolerance.2013.2014.bib	23756375	intestinal epithelium	Tissue	bto:0000781
IBS.Intolerance.2013.2014.bib	23756375	allergy	Disease	doid:1205
IBS.Intolerance.2013.2014.bib	24033408	irritable bowel syndrome	Disease	doid:9778
IBS.Intolerance.2013.2014.bib	24033408	gastrointestinal disorder	Disease	doid:77
IBS.Intolerance.2013.2014.bib	24939595	hypersensitivity	Biological Process	go:0002524
IBS.Intolerance.2013.2014.bib	24939595	lamina propria	Tissue	bto:0002330
IBS.Intolerance.2013.2014.bib	24939595	paracrine	Molecular Function	go:0005125
IBS.Intolerance.2013.2014.bib	24939595	microvilli	Cellular Component	go:0005902
IBS.Intolerance.2013.2014.bib	24939595	gastrointestinal tract	Tissue	bto:0000511
IBS.Intolerance.2013.2014.bib	24939595	hormones	Molecular Function	go:0005179
IBS.Intolerance.2013.2014.bib	24939595	irritable bowel syndrome	Disease	doid:9778
IBS.Intolerance.2013.2014.bib	24939595	food allergy	Disease	doid:3044
IBS.Intolerance.2013.2014.bib	24151366	irritable bowel syndrome	Disease	doid:9778
IBS.Intolerance.2013.2014.bib	24151366	adults	Tissue	bto:0001043
IBS.Intolerance.2013.2014.bib	24357350	fructans	Chemical Compound	cids00440946
IBS.Intolerance.2013.2014.bib	24357350	diarrhea	Disease	doid:13250
IBS.Intolerance.2013.2014.bib	24357350	irritable bowel syndrome	Disease	doid:9778
IBS.Intolerance.2013.2014.bib	24357350	fructose	Chemical Compound	cids00439709
IBS.Intolerance.2013.2014.bib	25083606	irritable bowel syndrome	Disease	doid:9778
IBS.Intolerance.2013.2014.bib	25083606	intestinal mucosa	Tissue	bto:0000642
IBS.Intolerance.2013.2014.bib	23701423	lactose	Chemical Compound	cids00084571
IBS.Intolerance.2013.2014.bib	23701423	hydrogen	Chemical Compound	cids05362549
IBS.Intolerance.2013.2014.bib	23701423	lactose intolerance	Disease	doid:10604
IBS.Intolerance.2013.2014.bib	23701423	ltt	Genes/Proteins	fbpp0084807
IBS.Intolerance.2013.2014.bib	23701423	irritable bowel syndrome	Disease	doid:9778
IBS.Intolerance.2013.2014.bib	24076059	irritable bowel syndrome	Disease	doid:9778
IBS.Intolerance.2013.2014.bib	23659729	irritable bowel syndrome	Disease	doid:9778
IBS.Intolerance.2013.2014.bib	25252862	hypersensitivity	Biological Process	go:0002524
IBS.Intolerance.2013.2014.bib	25252862	bacteria	Organism	1869227
IBS.Intolerance.2013.2014.bib	25252862	lactose	Chemical Compound	cids00084571
IBS.Intolerance.2013.2014.bib	25252862	lactose intolerance	Disease	doid:10604
IBS.Intolerance.2013.2014.bib	25252862	pathogenesis	Biological Process	go:0009405
IBS.Intolerance.2013.2014.bib	25252862	rye	Organism	4550
IBS.Intolerance.2013.2014.bib	25252862	fructose	Chemical Compound	cids00439709
IBS.Intolerance.2013.2014.bib	25252862	intestine	Tissue	bto:0000648
IBS.Intolerance.2013.2014.bib	25252862	fiber	Tissue	bto:0000450
IBS.Intolerance.2013.2014.bib	25252862	fruits	Tissue	bto:0000486
IBS.Intolerance.2013.2014.bib	25252862	irritable bowel syndrome	Disease	doid:9778
IBS.Intolerance.2013.2014.bib	25252862	wheat	Organism	4565
IBS.Intolerance.2013.2014.bib	25252862	brain	Tissue	bto:0000142
IBS.Intolerance.2013.2014.bib	25390215	lactose	Chemical Compound	cids00084571
IBS.Intolerance.2013.2014.bib	25390215	fructose	Chemical Compound	cids00439709
IBS.Intolerance.2013.2014.bib	25390215	fiber	Tissue	bto:0000450
IBS.Intolerance.2013.2014.bib	25390215	irritable bowel syndrome	Disease	doid:9778
IBS.Intolerance.2013.2014.bib	25390215	wheat	Organism	4565
IBS.Intolerance.2013.2014.bib	25390215	food allergy	Disease	doid:3044
IBS.Intolerance.2013.2014.bib	24640309	diarrhoea	Disease	doid:13250
IBS.Intolerance.2013.2014.bib	24640309	irritable bowel syndrome	Disease	doid:9778
IBS.Intolerance.2013.2014.bib	24640309	lactose intolerance	Disease	doid:10604
IBS.Intolerance.2013.2014.bib	24322196	glucose	Chemical Compound	cids53782692
IBS.Intolerance.2013.2014.bib	24322196	juice	Tissue	bto:0000659
IBS.Intolerance.2013.2014.bib	24322196	fructose	Chemical Compound	cids00439709
IBS.Intolerance.2013.2014.bib	24322196	monosaccharide	Chemical Compound	cids00005143
IBS.Intolerance.2013.2014.bib	24322196	fruits	Tissue	bto:0000486
IBS.Intolerance.2013.2014.bib	24029448	irritable bowel syndrome	Disease	doid:9778
IBS.Intolerance.2013.2014.bib	24029448	diarrhea	Disease	doid:13250
IBS.Intolerance.2013.2014.bib	24029448	celiac disease	Disease	doid:10608
IBS.Intolerance.2013.2014.bib	24582764	irritable bowel syndrome	Disease	doid:9778
IBS.Intolerance.2013.2014.bib	24582764	constipation	Disease	doid:2089
IBS.Intolerance.2013.2014.bib	24582764	wheat allergy	Disease	doid:3660
IBS.Intolerance.2013.2014.bib	24582764	fiber	Tissue	bto:0000450
IBS.Intolerance.2013.2014.bib	24582764	celiac disease	Disease	doid:10608
IBS.Intolerance.2013.2014.bib	24667093	irritable bowel syndrome	Disease	doid:9778
IBS.Intolerance.2013.2014.bib	24667093	diarrhea	Disease	doid:13250
IBS.Intolerance.2013.2014.bib	24667093	wheat	Organism	4565
IBS.Intolerance.2013.2014.bib	24667093	celiac disease	Disease	doid:10608
IBS.Intolerance.2013.2014.bib	23715643	lymphocytic colitis	Disease	doid:0060184
IBS.Intolerance.2013.2014.bib	23715643	dermatitis herpetiformis	Disease	doid:8505
IBS.Intolerance.2013.2014.bib	23715643	diabetes mellitus	Disease	doid:9351
IBS.Intolerance.2013.2014.bib	23715643	lactose intolerance	Disease	doid:10604
IBS.Intolerance.2013.2014.bib	23715643	obesity	Disease	doid:9970
IBS.Intolerance.2013.2014.bib	23715643	microscopic colitis	Disease	doid:0060182
IBS.Intolerance.2013.2014.bib	23715643	hla-dqb1	Genes/Proteins	ensp00000364080
IBS.Intolerance.2013.2014.bib	23715643	irritable bowel syndrome	Disease	doid:9778
IBS.Intolerance.2013.2014.bib	23715643	celiac disease	Disease	doid:10608
IBS.Intolerance.2013.2014.bib	23715643	adults	Tissue	bto:0001043
IBS.Intolerance.2013.2014.bib	24976698	sorbitol	Chemical Compound	cids00005780
IBS.Intolerance.2013.2014.bib	24976698	lactose	Chemical Compound	cids00084571
IBS.Intolerance.2013.2014.bib	24976698	fructose	Chemical Compound	cids00439709
IBS.Intolerance.2013.2014.bib	24976698	diarrhea	Disease	doid:13250
IBS.Intolerance.2013.2014.bib	24976698	fiber	Tissue	bto:0000450
IBS.Intolerance.2013.2014.bib	24976698	irritable bowel syndrome	Disease	doid:9778
IBS.Intolerance.2013.2014.bib	24976698	constipation	Disease	doid:2089
IBS.Intolerance.2013.2014.bib	24976698	fermentation	Biological Process	go:0006113
IBS.Intolerance.2013.2014.bib	23653934	lactase	Genes/Proteins	ensrnop00000004908
IBS.Intolerance.2013.2014.bib	23653934	bowel	Tissue	bto:0000648
IBS.Intolerance.2013.2014.bib	23653934	irritable bowel syndrome	Disease	doid:9778
IBS.Intolerance.2013.2014.bib	25119830	fibromyalgia	Disease	doid:631
IBS.Intolerance.2013.2014.bib	25119830	lactose	Chemical Compound	cids00084571
IBS.Intolerance.2013.2014.bib	25119830	bowel	Tissue	bto:0000648
IBS.Intolerance.2013.2014.bib	25119830	dyspepsia	Disease	doid:2321
IBS.Intolerance.2013.2014.bib	25119830	giardiasis	Disease	doid:10718
IBS.Intolerance.2013.2014.bib	25119830	irritable bowel syndrome	Disease	doid:9778
IBS.Intolerance.2013.2014.bib	25119830	sleep	Biological Process	go:0030431
IBS.Intolerance.2013.2014.bib	25119830	brain	Tissue	bto:0000142
IBS.Intolerance.2013.2014.bib	24286351	h4r	Genes/Proteins	ensrnop00000022744
IBS.Intolerance.2013.2014.bib	24286351	mucosal	Tissue	bto:0000886
IBS.Intolerance.2013.2014.bib	24286351	irritable bowel syndrome	Disease	doid:9778
IBS.Intolerance.2013.2014.bib	24286351	homeostasis	Biological Process	go:0042592
IBS.Intolerance.2013.2014.bib	24286351	histamine	Chemical Compound	cids00000774
IBS.Intolerance.2013.2014.bib	24286351	food allergy	Disease	doid:3044
IBS.Intolerance.2013.2014.bib	24286351	histamine receptors	Genes/Proteins	ensp00000380247
IBS.Intolerance.2013.2014.bib	24286351	receptors	Cellular Component	go:0043235
IBS.Intolerance.2013.2014.bib	24286351	gastrointestinal tract	Tissue	bto:0000511
IBS.Intolerance.2013.2014.bib	24286351	inflammatory bowel disease	Disease	doid:0050589
IBS.Intolerance.2013.2014.bib	24286351	h1r	Genes/Proteins	ensmusp00000086383
IBS.Intolerance.2013.2014.bib	24286351	inflammatory responses	Biological Process	go:0006954
IBS.Intolerance.2013.2014.bib	25316115	confused	Genes/Proteins	fbpp0088443
IBS.Intolerance.2013.2014.bib	24969290	ulcerative colitis	Disease	doid:8577
IBS.Intolerance.2013.2014.bib	24969290	thiopurine	Chemical Compound	cids00667490
IBS.Intolerance.2013.2014.bib	24969290	necrosis	Biological Process	go:0019835
IBS.Intolerance.2013.2014.bib	24969290	lactose intolerance	Disease	doid:10604
IBS.Intolerance.2013.2014.bib	24969290	calcineurin	Molecular Function	go:0004722
IBS.Intolerance.2013.2014.bib	24969290	celiac disease	Disease	doid:10608
IBS.Intolerance.2013.2014.bib	24969290	irritable bowel syndrome	Disease	doid:9778
IBS.Intolerance.2013.2014.bib	24969290	disease	Disease	doid:4
IBS.Intolerance.2013.2014.bib	24969290	adults	Tissue	bto:0001043
IBS.Intolerance.2013.2014.bib	25271767	lactulose	Chemical Compound	cids00011333
IBS.Intolerance.2013.2014.bib	25271767	irritable bowel syndrome	Disease	doid:9778
IBS.Intolerance.2013.2014.bib	24885375	celiac disease	Disease	doid:10608
IBS.Intolerance.2013.2014.bib	23574302	lactose intolerance	Disease	doid:10604
IBS.Intolerance.2013.2014.bib	23574302	fructose	Chemical Compound	cids00439709
IBS.Intolerance.2013.2014.bib	25286424	gastrointestinal disorder	Disease	doid:77
IBS.Intolerance.2013.2014.bib	23246646	lactase	Genes/Proteins	ensrnop00000004908
IBS.Intolerance.2013.2014.bib	23246646	d-ibs	Chemical Compound	cids00007228
IBS.Intolerance.2013.2014.bib	23246646	lactose	Chemical Compound	cids00084571
IBS.Intolerance.2013.2014.bib	23246646	diarrhea	Disease	doid:13250
IBS.Intolerance.2013.2014.bib	23246646	irritable bowel syndrome	Disease	doid:9778
IBS.Intolerance.2013.2014.bib	24308871	diarrhoea	Disease	doid:13250
IBS.Intolerance.2013.2014.bib	24308871	irritable bowel syndrome	Disease	doid:9778
IBS.Intolerance.2013.2014.bib	23917444	hypersensitivity	Biological Process	go:0002524
IBS.Intolerance.2013.2014.bib	23917444	lactase	Genes/Proteins	ensrnop00000004908
IBS.Intolerance.2013.2014.bib	23917444	lactose	Chemical Compound	cids00084571
IBS.Intolerance.2013.2014.bib	23917444	irritable bowel syndrome	Disease	doid:9778
IBS.Intolerance.2013.2014.bib	23899486	irritable bowel syndrome	Disease	doid:9778
IBS.Intolerance.2013.2014.bib	23899486	fiber	Tissue	bto:0000450
IBS.Intolerance.2003.2004.bib	15007999	migraine	Disease	doid:6364
IBS.Intolerance.2003.2004.bib	14552521	m 66	Chemical Compound	cids44552611
IBS.Intolerance.2003.2004.bib	14552521	lactose intolerance	Disease	doid:10604
IBS.Intolerance.2003.2004.bib	14552521	eosinophilic gastroenteritis	Disease	doid:4031
IBS.Intolerance.2003.2004.bib	14552521	gastroparesis	Disease	doid:11914
IBS.Intolerance.2003.2004.bib	14552521	gastroesophageal reflux	Disease	doid:8534
IBS.Intolerance.2003.2004.bib	14552521	adult	Tissue	bto:0001043
IBS.Intolerance.2003.2004.bib	14552521	dyspepsia	Disease	doid:2321
IBS.Intolerance.2003.2004.bib	14552521	cisapride	Chemical Compound	cids00002769
IBS.Intolerance.2003.2004.bib	14552521	gastric emptying	Biological Process	go:0035483
IBS.Intolerance.2003.2004.bib	14552521	helicobacter pylori	Organism	210
IBS.Intolerance.2003.2004.bib	14552521	irritable bowel syndrome	Disease	doid:9778
IBS.Intolerance.2003.2004.bib	14552521	constipation	Disease	doid:2089
IBS.Intolerance.2003.2004.bib	14552521	duodenitis	Disease	doid:8643
IBS.Intolerance.2003.2004.bib	14552521	liver	Tissue	bto:0000759
IBS.Intolerance.2003.2004.bib	14552521	dumping syndrome	Disease	doid:14495
IBS.Intolerance.2003.2004.bib	14552521	chicken	Organism	9031
IBS.Intolerance.2003.2004.bib	15361495	irritable bowel syndrome	Disease	doid:9778
IBS.Intolerance.2003.2004.bib	12813601	irritable bowel syndrome	Disease	doid:9778
IBS.Intolerance.2003.2004.bib	15198653	hypersensitivity	Biological Process	go:0002524
IBS.Intolerance.2003.2004.bib	15198653	rectum	Tissue	bto:0001158
IBS.Intolerance.2003.2004.bib	15198653	intestinal disorder	Disease	doid:5295
IBS.Intolerance.2003.2004.bib	15198653	dyspepsia	Disease	doid:2321
IBS.Intolerance.2003.2004.bib	15198653	stomach	Tissue	bto:0001307
IBS.Intolerance.2003.2004.bib	15198653	irritable bowel syndrome	Disease	doid:9778
IBS.Intolerance.2003.2004.bib	15467518	somatostatin	Genes/Proteins	ensmusp00000004480
IBS.Intolerance.2003.2004.bib	15467518	bowel	Tissue	bto:0000648
IBS.Intolerance.2003.2004.bib	15467518	irritable bowel syndrome	Disease	doid:9778
IBS.Intolerance.2003.2004.bib	15467518	disease	Disease	doid:4
IBS.Intolerance.2003.2004.bib	15467518	enkephalinase	Genes/Proteins	ensp00000418525
IBS.Intolerance.2003.2004.bib	15467518	alosetron	Chemical Compound	cids00002099
IBS.Intolerance.2003.2004.bib	15467518	celiac disease	Disease	doid:10608
IBS.Intolerance.2003.2004.bib	15467518	fiber	Tissue	bto:0000450
IBS.Intolerance.2003.2004.bib	15467518	5-ht	Genes/Proteins	fbpp0080710
IBS.Intolerance.2003.2004.bib	15467518	lactoferrin	Genes/Proteins	ensmusp00000035077
IBS.Intolerance.2003.2004.bib	15467518	serotonin	Chemical Compound	cids00005202
IBS.Intolerance.2003.2004.bib	15467518	receptor antagonist	Molecular Function	go:0048019
IBS.Intolerance.2003.2004.bib	15467518	diarrhea	Disease	doid:13250
IBS.Intolerance.2003.2004.bib	15467518	calprotectin	Cellular Component	go:1990660
IBS.Intolerance.2003.2004.bib	15467518	constipation	Disease	doid:2089
IBS.Intolerance.2003.2004.bib	15467518	tegaserod	Chemical Compound	cids05362436
IBS.Intolerance.2003.2004.bib	15467518	loperamide	Chemical Compound	cids00003954
IBS.Intolerance.2003.2004.bib	12966230	irritable bowel syndrome	Disease	doid:9778
IBS.Intolerance.2003.2004.bib	15335409	irritable bowel syndrome	Disease	doid:9778
IBS.Intolerance.2003.2004.bib	15335409	disease	Disease	doid:4
IBS.Intolerance.2003.2004.bib	15335409	bile salt	Chemical Compound	cids00439520
IBS.Intolerance.2003.2004.bib	15335409	coeliac disease	Disease	doid:10608
IBS.Intolerance.2003.2004.bib	15335409	lactose intolerance	Disease	doid:10604
IBS.Intolerance.2003.2004.bib	15370685	irritable bowel syndrome	Disease	doid:9778
IBS.Intolerance.2003.2004.bib	15370685	lactose	Chemical Compound	cids00084571
IBS.Intolerance.2003.2004.bib	15041925	tps	Genes/Proteins	fbpp0077121
IBS.Intolerance.2003.2004.bib	15041925	bladder	Tissue	bto:0000123
IBS.Intolerance.2003.2004.bib	15041925	irritable bowel syndrome	Disease	doid:9778
IBS.Intolerance.2003.2004.bib	15041925	fibromyalgia	Disease	doid:631
IBS.Intolerance.2003.2004.bib	15041925	sleep	Biological Process	go:0030431
IBS.Intolerance.2003.2004.bib	15356352	diarrhoea	Disease	doid:13250
IBS.Intolerance.2003.2004.bib	15356352	acute pancreatitis	Disease	doid:2913
IBS.Intolerance.2003.2004.bib	15356352	cholesterol	Chemical Compound	cids00005997
IBS.Intolerance.2003.2004.bib	15356352	blood	Tissue	bto:0000089
IBS.Intolerance.2003.2004.bib	15356352	ulcerative colitis	Disease	doid:8577
IBS.Intolerance.2003.2004.bib	14743878	ulcerative colitis	Disease	doid:8577
IBS.Intolerance.2003.2004.bib	14743878	crohn disease	Disease	doid:8778
IBS.Intolerance.2003.2004.bib	14743878	helicobacter pylori	Organism	210
IBS.Intolerance.2003.2004.bib	14743878	humans	Organism	9605
IBS.Intolerance.2003.2004.bib	14743878	lactobacillus gg	Organism	568703
IBS.Intolerance.2003.2004.bib	14743878	saccharomyces	Organism	4930
IBS.Intolerance.2003.2004.bib	14743878	lactobacilli	Organism	1578
IBS.Intolerance.2003.2004.bib	14743878	colorectal cancer	Disease	doid:9256
IBS.Intolerance.2003.2004.bib	14743878	escherichia coli	Organism	562
IBS.Intolerance.2003.2004.bib	14743878	lactose	Chemical Compound	cids00006134
IBS.Intolerance.2003.2004.bib	14743878	lactobacillus reuteri	Organism	1598
IBS.Intolerance.2003.2004.bib	14743878	diarrhoea	Disease	doid:13250
IBS.Intolerance.2003.2004.bib	14743878	irritable bowel syndrome	Disease	doid:9778
IBS.Intolerance.2003.2004.bib	14743878	constipation	Disease	doid:2089
IBS.Intolerance.2003.2004.bib	14743878	rota-virus	Organism	10912
IBS.Intolerance.2003.2004.bib	14743878	inflammatory bowel disease	Disease	doid:0050589
IBS.Intolerance.2003.2004.bib	14743878	disease	Disease	doid:4
IBS.Intolerance.2003.2004.bib	14687820	bacteria	Organism	1869227
IBS.Intolerance.2003.2004.bib	14687820	lactose intolerance	Disease	doid:10604
IBS.Intolerance.2003.2004.bib	14687820	lactose	Chemical Compound	cids00084571
IBS.Intolerance.2003.2004.bib	14687820	lactulose	Chemical Compound	cids00011333
IBS.Intolerance.2003.2004.bib	14687820	irritable bowel syndrome	Disease	doid:9778
IBS.Intolerance.2003.2004.bib	14687820	fermentation	Biological Process	go:0006113
IBS.Intolerance.2003.2004.bib	15506671	diabetes	Disease	doid:9351
IBS.Intolerance.2003.2004.bib	15506671	coeliac disease	Disease	doid:10608
IBS.Intolerance.2003.2004.bib	15506671	irritable bowel syndrome	Disease	doid:9778
IBS.Intolerance.2003.2004.bib	15506671	disease	Disease	doid:4
IBS.Intolerance.2003.2004.bib	15506671	wheat	Organism	4565
IBS.Intolerance.2003.2004.bib	15107926	group iii	Genes/Proteins	fbpp0075826
IBS.Intolerance.2003.2004.bib	15107926	response to food	Biological Process	go:0032094
IBS.Intolerance.2003.2004.bib	15107926	skin	Tissue	bto:0001253
IBS.Intolerance.2003.2004.bib	15107926	gastrointestinal tract	Tissue	bto:0000511
IBS.Intolerance.2003.2004.bib	15107926	dyspepsia	Disease	doid:2321
IBS.Intolerance.2003.2004.bib	15107926	irritable bowel syndrome	Disease	doid:9778
IBS.Intolerance.2003.2004.bib	15107926	disease	Disease	doid:4
IBS.Intolerance.2003.2004.bib	12578506	lactose	Chemical Compound	cids00084571
IBS.Intolerance.2003.2004.bib	12578506	fructose	Chemical Compound	cids00439709
IBS.Intolerance.2003.2004.bib	12578506	diarrhea	Disease	doid:13250
IBS.Intolerance.2003.2004.bib	12578506	irritable bowel syndrome	Disease	doid:9778
IBS.Intolerance.2003.2004.bib	12578506	cromolyn sodium	Chemical Compound	cids00002881
IBS.Intolerance.2003.2004.bib	12761724	gastroenteritis	Disease	doid:2326
IBS.Intolerance.2003.2004.bib	12761724	lactose intolerance	Disease	doid:10604
IBS.Intolerance.2003.2004.bib	12761724	binding	Molecular Function	go:0005488
IBS.Intolerance.2003.2004.bib	12761724	humans	Organism	9606
IBS.Intolerance.2003.2004.bib	12761724	celiac disease	Disease	doid:10608
IBS.Intolerance.2003.2004.bib	12761724	mucosal	Tissue	bto:0000886
IBS.Intolerance.2003.2004.bib	12761724	irritable bowel syndrome	Disease	doid:9778
IBS.Intolerance.2003.2004.bib	12761724	disease	Disease	doid:4
IBS.Intolerance.2003.2004.bib	12761724	serotonin release	Biological Process	go:0001820
IBS.Intolerance.2003.2004.bib	12761724	serotonin	Chemical Compound	cids00005202
IBS.Intolerance.2003.2004.bib	12761724	neurotic	Genes/Proteins	fbpp0086649
IBS.Intolerance.2003.2004.bib	12761724	fiber	Tissue	bto:0000450
IBS.Intolerance.2003.2004.bib	12761724	hypochondriasis	Disease	doid:12883
IBS.Intolerance.2003.2004.bib	12761724	microscopic colitis	Disease	doid:0060182
IBS.Intolerance.2003.2004.bib	12761724	bile salt	Chemical Compound	cids00439520
IBS.Intolerance.2003.2004.bib	12761724	loperamide	Chemical Compound	cids00003954
IBS.Intolerance.2003.2004.bib	12761724	enteroendocrine cells	Tissue	bto:0003865
IBS.Intolerance.2003.2004.bib	12761724	t lymphocytes	Tissue	bto:0000782
IBS.Intolerance.2003.2004.bib	12761724	colon cancer	Disease	doid:219
IBS.Intolerance.2003.2004.bib	15767561	hypersensitivity	Biological Process	go:0002524
IBS.Intolerance.2003.2004.bib	15767561	microscopic colitis	Disease	doid:0060182
IBS.Intolerance.2003.2004.bib	15767561	5ht4	Genes/Proteins	ensdarp00000083373
IBS.Intolerance.2003.2004.bib	15767561	gastroenteritis	Disease	doid:2326
IBS.Intolerance.2003.2004.bib	15767561	lactose	Chemical Compound	cids00084571
IBS.Intolerance.2003.2004.bib	15767561	bowel	Tissue	bto:0000648
IBS.Intolerance.2003.2004.bib	15767561	5ht3 receptor	Cellular Component	go:1904602
IBS.Intolerance.2003.2004.bib	15767561	bile salt	Chemical Compound	cids00439520
IBS.Intolerance.2003.2004.bib	15767561	loperamide	Chemical Compound	cids00003954
IBS.Intolerance.2003.2004.bib	15767561	irritable bowel syndrome	Disease	doid:9778
IBS.Intolerance.2003.2004.bib	15767561	constipation	Disease	doid:2089
IBS.Intolerance.2003.2004.bib	15767561	wheat	Organism	4565
IBS.Intolerance.2003.2004.bib	15054489	lactase	Genes/Proteins	ensrnop00000004908
IBS.Intolerance.2003.2004.bib	15054489	lactose	Chemical Compound	cids00084571
IBS.Intolerance.2003.2004.bib	15054489	growth	Biological Process	go:0040007
IBS.Intolerance.2003.2004.bib	15054489	irritable bowel syndrome	Disease	doid:9778
IBS.Intolerance.2003.2004.bib	12947430	excretion	Biological Process	go:0007588
IBS.Intolerance.2003.2004.bib	12947430	hydrogen	Chemical Compound	cids05362549
IBS.Intolerance.2003.2004.bib	12947430	methane	Chemical Compound	cids00000297
IBS.Intolerance.2003.2004.bib	12947430	hbt	Genes/Proteins	at2g20000.1
IBS.Intolerance.2003.2004.bib	12947430	lactose	Chemical Compound	cids00084571
IBS.Intolerance.2003.2004.bib	12947430	adult	Tissue	bto:0001043
IBS.Intolerance.2003.2004.bib	12947430	irritable bowel syndrome	Disease	doid:9778
IBS.Intolerance.2003.2004.bib	15380888	irritable bowel syndrome	Disease	doid:9778
IBS.Intolerance.2003.2004.bib	15380888	lactose	Chemical Compound	cids00084571
IBS.Intolerance.1991.1992.bib	2066157	5-hydroxytryptamine	Chemical Compound	cids00005202
IBS.Intolerance.1991.1992.bib	2066157	cholecystokinin	Genes/Proteins	ensrnop00000026159
IBS.Intolerance.1991.1992.bib	2066157	hormone	Molecular Function	go:0005179
IBS.Intolerance.1991.1992.bib	2066157	tailor	Genes/Proteins	fbpp0305518
IBS.Intolerance.1991.1992.bib	2066157	calcium channel	Molecular Function	go:0005262
IBS.Intolerance.1991.1992.bib	2066157	receptors	Cellular Component	go:0043235
IBS.Intolerance.1991.1992.bib	2066157	gastrointestinal smooth-muscle	Tissue	bto:0005024
IBS.Intolerance.1991.1992.bib	2066157	sandostatin	Chemical Compound	cids00383413
IBS.Intolerance.1991.1992.bib	2066157	innervation	Biological Process	go:0060384
IBS.Intolerance.1991.1992.bib	2066157	irritable bowel syndrome	Disease	doid:9778
IBS.Intolerance.1991.1992.bib	2066157	gonadal	Genes/Proteins	fbpp0306207
IBS.Intolerance.1991.1992.bib	1661628	amitriptyline	Chemical Compound	cids00002160
IBS.Intolerance.1991.1992.bib	1661628	bowel	Tissue	bto:0000648
IBS.Intolerance.1991.1992.bib	1661628	fiber	Tissue	bto:0000450
IBS.Intolerance.1991.1992.bib	1661628	cholestyramine	Chemical Compound	cids70695640
IBS.Intolerance.1991.1992.bib	1661628	loperamide	Chemical Compound	cids00003954
IBS.Intolerance.1991.1992.bib	1661628	diarrhoea	Disease	doid:13250
IBS.Intolerance.1991.1992.bib	1661628	irritable bowel syndrome	Disease	doid:9778
IBS.Intolerance.1991.1992.bib	1661628	constipation	Disease	doid:2089
IBS.Intolerance.1991.1992.bib	1439559	fiber	Tissue	bto:0000450
IBS.Intolerance.1991.1992.bib	1439559	behavior	Biological Process	go:0007610
IBS.Intolerance.1991.1992.bib	1439559	pathogenesis	Biological Process	go:0009405
IBS.Intolerance.1991.1992.bib	1439559	epithelial	Tissue	bto:0000416
IBS.Intolerance.1991.1992.bib	1439559	immune system	Tissue	bto:0005810
IBS.Intolerance.1991.1992.bib	1439559	inflammatory cells	Tissue	bto:0003861
IBS.Intolerance.1991.1992.bib	1439559	irritable bowel syndrome	Disease	doid:9778
IBS.Intolerance.1991.1992.bib	1439559	disease	Disease	doid:4
IBS.Intolerance.1991.1992.bib	1439559	sensory perception	Biological Process	go:0007600
IBS.Intolerance.1991.1992.bib	2066155	chewing	Biological Process	go:0071626
IBS.Intolerance.1991.1992.bib	2066155	spastic	Genes/Proteins	ensmusp00000029654
IBS.Intolerance.1991.1992.bib	2066155	esophageal mucosal	Tissue	bto:0002859
IBS.Intolerance.1991.1992.bib	2066155	sorbitol	Chemical Compound	cids00005780
IBS.Intolerance.1991.1992.bib	2066155	lactose	Chemical Compound	cids00084571
IBS.Intolerance.1991.1992.bib	2066155	citrus	Organism	2706
IBS.Intolerance.1991.1992.bib	2066155	cabbage	Organism	3716
IBS.Intolerance.1991.1992.bib	2066155	fructose	Chemical Compound	cids00439709
IBS.Intolerance.1991.1992.bib	2066155	bowel	Tissue	bto:0000648
IBS.Intolerance.1991.1992.bib	2066155	brussel sprouts	Organism	178616
IBS.Intolerance.1991.1992.bib	2066155	fiber	Tissue	bto:0000450
IBS.Intolerance.1991.1992.bib	2066155	gastric emptying	Biological Process	go:0035483
IBS.Intolerance.1991.1992.bib	2066155	constipation	Disease	doid:2089
IBS.Intolerance.1991.1992.bib	2066155	peppermint	Organism	34256
IBS.Intolerance.1991.1992.bib	2066155	chocolate	Organism	3641
IBS.Intolerance.1991.1992.bib	1742648	irritable bowel syndrome	Disease	doid:9778
IBS.Intolerance.1991.1992.bib	1742648	sodium cromoglycate	Chemical Compound	cids00002881
IBS.Intolerance.1991.1992.bib	1556421	bowel	Tissue	bto:0000648
IBS.Intolerance.1991.1992.bib	1455759	bowel	Tissue	bto:0000648
IBS.Intolerance.1991.1992.bib	1455759	irritable bowel syndrome	Disease	doid:9778
IBS.Intolerance.1991.1992.bib	1455759	disease	Disease	doid:4
IBS.Intolerance.1991.1992.bib	1455759	lactose intolerance	Disease	doid:10604
IBS.Intolerance.1993.1994.bib	8341233	lactase	Genes/Proteins	ensrnop00000004908
IBS.Intolerance.1993.1994.bib	8341233	behaviour	Biological Process	go:0007610
IBS.Intolerance.1993.1994.bib	8341233	constipation	Disease	doid:2089
IBS.Intolerance.1993.1994.bib	8341233	cystic fibrosis	Disease	doid:1485
IBS.Intolerance.1993.1994.bib	8341233	gastroesophageal reflux	Disease	doid:8534
IBS.Intolerance.1993.1994.bib	8341233	gliadin	Chemical Compound	cids17787981
IBS.Intolerance.1993.1994.bib	8341233	immune system	Tissue	bto:0005810
IBS.Intolerance.1993.1994.bib	8341233	coeliac disease	Disease	doid:10608
IBS.Intolerance.1993.1994.bib	8341233	mucosal	Tissue	bto:0000886
IBS.Intolerance.1993.1994.bib	8341233	diarrhoea	Disease	doid:13250
IBS.Intolerance.1993.1994.bib	8341233	irritable bowel syndrome	Disease	doid:9778
IBS.Intolerance.1993.1994.bib	8341233	disease	Disease	doid:4
IBS.Intolerance.1993.1994.bib	8232112	irritable bowel syndrome	Disease	doid:9778
IBS.Intolerance.1993.1994.bib	8232112	diarrhea	Disease	doid:13250
IBS.Intolerance.1993.1994.bib	8232112	sodium cromoglycate	Chemical Compound	cids00002881
IBS.Intolerance.1993.1994.bib	8232112	pathogenesis	Biological Process	go:0009405
IBS.Intolerance.1993.1994.bib	8116558	lactase	Genes/Proteins	ensrnop00000004908
IBS.Intolerance.1993.1994.bib	8116558	calcium	Genes/Proteins	fbpp0088134
IBS.Intolerance.1993.1994.bib	8116558	lactose	Chemical Compound	cids00084571
IBS.Intolerance.1993.1994.bib	8116558	abstract	Genes/Proteins	fbpp0078606
IBS.Intolerance.1993.1994.bib	8116558	diarrhea	Disease	doid:13250
IBS.Intolerance.1993.1994.bib	8116558	celiac disease	Disease	doid:10608
IBS.Intolerance.1993.1994.bib	8116558	cattle	Organism	9913
IBS.Intolerance.1993.1994.bib	8116558	osteoporosis	Disease	doid:11476
IBS.Intolerance.1993.1994.bib	8116558	irritable bowel syndrome	Disease	doid:9778
IBS.Intolerance.1993.1994.bib	8116558	kwashiorkor	Disease	doid:13579
IBS.Intolerance.1993.1994.bib	8116558	adults	Tissue	bto:0001043
IBS.Intolerance.1993.1994.bib	8249777	secretions	Tissue	bto:0002979
IBS.Intolerance.1993.1994.bib	8249777	clonidine	Chemical Compound	cids00002803
IBS.Intolerance.1993.1994.bib	8249777	lactose intolerance	Disease	doid:10604
IBS.Intolerance.1993.1994.bib	8249777	colon cancer	Disease	doid:219
IBS.Intolerance.1993.1994.bib	8249777	sequestering	Biological Process	go:0051235
IBS.Intolerance.1993.1994.bib	8249777	bowel	Tissue	bto:0000648
IBS.Intolerance.1993.1994.bib	8249777	diarrhea	Disease	doid:13250
IBS.Intolerance.1993.1994.bib	8249777	irritable bowel syndrome	Disease	doid:9778
IBS.Intolerance.1993.1994.bib	8249777	inflammatory bowel disease	Disease	doid:0050589
IBS.Intolerance.1993.1994.bib	8333203	irritable bowel syndrome	Disease	doid:9778
IBS.Intolerance.1993.1994.bib	8333203	lactose	Chemical Compound	cids00084571
IBS.Intolerance.1993.1994.bib	8148654	lactose intolerance	Disease	doid:10604
IBS.Intolerance.1993.1994.bib	8148654	celiac sprue	Disease	doid:10608
IBS.Intolerance.1993.1994.bib	8148654	lactose	Chemical Compound	cids00084571
IBS.Intolerance.1993.1994.bib	8148654	fiber	Tissue	bto:0000450
IBS.Intolerance.1993.1994.bib	8148654	irritable bowel syndrome	Disease	doid:9778
IBS.Intolerance.1993.1994.bib	8304298	irritable bowel syndrome	Disease	doid:9778
IBS.Intolerance.2007.2008.bib	17706627	bowel	Tissue	bto:0000648
IBS.Intolerance.2007.2008.bib	17706627	irritable bowel syndrome	Disease	doid:9778
IBS.Intolerance.2007.2008.bib	17706627	a_22018	Chemical Compound	cids00234561
IBS.Intolerance.2007.2008.bib	17706627	lactose intolerance	Disease	doid:10604
IBS.Intolerance.2007.2008.bib	17420159	irritable bowel syndrome	Disease	doid:9778
IBS.Intolerance.2007.2008.bib	17420159	peppermint oil	Chemical Compound	cids06850741
IBS.Intolerance.2007.2008.bib	17420159	lactose intolerance	Disease	doid:10604
IBS.Intolerance.2007.2008.bib	17420159	celiac disease	Disease	doid:10608
IBS.Intolerance.2007.2008.bib	18223504	irritable bowel syndrome	Disease	doid:9778
IBS.Intolerance.2007.2008.bib	18223504	fructose	Chemical Compound	cids00439709
IBS.Intolerance.2007.2008.bib	18023092	small intestine	Tissue	bto:0000651
IBS.Intolerance.2007.2008.bib	18023092	irritable bowel disease	Disease	doid:9778
IBS.Intolerance.2007.2008.bib	18541934	irritable bowel syndrome	Disease	doid:9778
IBS.Intolerance.2007.2008.bib	18035330	vitamin c	Chemical Compound	cids11020241
IBS.Intolerance.2007.2008.bib	18035330	sleep	Biological Process	go:0030431
IBS.Intolerance.2007.2008.bib	18035330	fructose	Chemical Compound	cids00439709
IBS.Intolerance.2007.2008.bib	17559357	irritable bowel syndrome	Disease	doid:9778
IBS.Intolerance.2007.2008.bib	17559357	lactose intolerance	Disease	doid:10604
IBS.Intolerance.2007.2008.bib	18081657	liver	Tissue	bto:0000759
IBS.Intolerance.2007.2008.bib	17574225	lactase	Genes/Proteins	ensrnop00000004908
IBS.Intolerance.2007.2008.bib	17574225	lactose	Chemical Compound	cids00084571
IBS.Intolerance.2007.2008.bib	18645527	disease	Disease	doid:4
IBS.Intolerance.2007.2008.bib	17361633	hypersensitivity	Biological Process	go:0002524
IBS.Intolerance.2007.2008.bib	17361633	bowel	Tissue	bto:0000648
IBS.Intolerance.2007.2008.bib	17361633	diarrhea	Disease	doid:13250
IBS.Intolerance.2007.2008.bib	17361633	irritable bowel syndrome	Disease	doid:9778
IBS.Intolerance.2007.2008.bib	17361633	disease	Disease	doid:4
IBS.Intolerance.2007.2008.bib	17361633	constipation	Disease	doid:2089
IBS.Intolerance.2007.2008.bib	17382600	celiac disease	Disease	doid:10608
IBS.Intolerance.2007.2008.bib	17956597	lactose intolerance	Disease	doid:10604
IBS.Intolerance.2007.2008.bib	17206644	turkey	Organism	9103
IBS.Intolerance.2007.2008.bib	17206644	fruit	Tissue	bto:0000486
IBS.Intolerance.2007.2008.bib	17206644	potatoes	Organism	4113
IBS.Intolerance.2007.2008.bib	17206644	popcorn	Genes/Proteins	at4g07410.1
IBS.Intolerance.2007.2008.bib	17206644	rice	Organism	4530
IBS.Intolerance.2007.2008.bib	17206644	gastrointestinal tract	Tissue	bto:0000511
IBS.Intolerance.2007.2008.bib	17206644	fiber	Tissue	bto:0000450
IBS.Intolerance.2007.2008.bib	17206644	irritable bowel syndrome	Disease	doid:9778
IBS.Intolerance.2007.2008.bib	17206644	inflammatory bowel disease	Disease	doid:0050589
IBS.Intolerance.2007.2008.bib	17206644	watermelon	Organism	260674
IBS.Intolerance.2007.2008.bib	17206644	hypersensitivity	Biological Process	go:0002524
IBS.Intolerance.2007.2008.bib	17206644	caffeine	Chemical Compound	cids00002519
IBS.Intolerance.2007.2008.bib	17206644	peanut	Organism	3818
IBS.Intolerance.2007.2008.bib	17206644	chicken	Organism	9031
IBS.Intolerance.2007.2008.bib	17206644	spaghetti	Genes/Proteins	fbpp0072164
IBS.Intolerance.2007.2008.bib	17206644	soy	Genes/Proteins	fbpp0088684
IBS.Intolerance.2007.2008.bib	17206644	fruit juices	Tissue	bto:0004057
IBS.Intolerance.2007.2008.bib	17206644	pasta	Genes/Proteins	ensrnop00000024581
IBS.Intolerance.2007.2008.bib	17206644	peas	Organism	3888
IBS.Intolerance.2007.2008.bib	17206644	cantaloupe	Organism	3658
IBS.Intolerance.2007.2008.bib	18095162	inflammatory bowel disease	Disease	doid:0050589
IBS.Intolerance.2007.2008.bib	18025745	irritable bowel syndrome	Disease	doid:9778
IBS.Intolerance.2007.2008.bib	18025745	lactose intolerance	Disease	doid:10604
IBS.Intolerance.2007.2008.bib	18221251	excretion	Biological Process	go:0007588
IBS.Intolerance.2007.2008.bib	18221251	glucose	Chemical Compound	cids53782692
IBS.Intolerance.2007.2008.bib	18221251	hydrogen	Chemical Compound	cids05362549
IBS.Intolerance.2007.2008.bib	18221251	fructose	Chemical Compound	cids00439709
IBS.Intolerance.2007.2008.bib	18221251	corn syrup	Chemical Compound	cids00005793
IBS.Intolerance.2007.2008.bib	18221251	irritable bowel syndrome	Disease	doid:9778
IBS.Intolerance.2007.2008.bib	17486741	hydrogen	Chemical Compound	cids05362549
IBS.Intolerance.2007.2008.bib	17486741	irritable bowel syndrome	Disease	doid:9778
IBS.Intolerance.2007.2008.bib	17486741	fiber	Tissue	bto:0000450
IBS.Intolerance.2007.2008.bib	17486741	fermentation	Biological Process	go:0006113
IBS.Intolerance.2007.2008.bib	17659692	pavlovian conditioning	Biological Process	go:0008306
IBS.Intolerance.2007.2008.bib	17659692	irritable bowel syndrome	Disease	doid:9778
IBS.Intolerance.2007.2008.bib	17659692	adults	Tissue	bto:0001043
IBS.Intolerance.2007.2008.bib	17659692	food allergy	Disease	doid:3044
IBS.Intolerance.1995.1996.bib	8905118	cromoglycate	Chemical Compound	cids00002881
IBS.Intolerance.1995.1996.bib	8905118	allergens	Chemical Compound	cids06439874
IBS.Intolerance.1995.1996.bib	8905118	eosinophils	Tissue	bto:0000399
IBS.Intolerance.1995.1996.bib	8905118	allergic	Disease	doid:3310
IBS.Intolerance.1995.1996.bib	8905118	irritable bowel syndrome	Disease	doid:9778
IBS.Intolerance.1995.1996.bib	8905118	mast cells	Tissue	bto:0000830
IBS.Intolerance.1995.1996.bib	8905118	infectious disease	Disease	doid:0050117
IBS.Intolerance.1995.1996.bib	8905118	celiac disease	Disease	doid:10608
IBS.Intolerance.1995.1996.bib	8905118	eosinophilic gastroenteritis	Disease	doid:4031
IBS.Intolerance.1995.1996.bib	8905118	inflammatory bowel disease	Disease	doid:0050589
IBS.Intolerance.1995.1996.bib	8905118	allergy	Disease	doid:1205
IBS.Intolerance.1995.1996.bib	8905118	intestinal mucosa	Tissue	bto:0000642
IBS.Intolerance.1995.1996.bib	8905118	skin	Tissue	bto:0001253
IBS.Intolerance.1995.1996.bib	8905118	lung	Tissue	bto:0000763
IBS.Intolerance.1995.1996.bib	8930569	irritable bowel syndrome	Disease	doid:9778
IBS.Intolerance.1995.1996.bib	8930569	lactose	Chemical Compound	cids00084571
IBS.Intolerance.1995.1996.bib	7795282	diarrhoea	Disease	doid:13250
IBS.Intolerance.1995.1996.bib	7795282	irritable bowel syndrome	Disease	doid:9778
IBS.Intolerance.1995.1996.bib	7795282	mucus	Cellular Component	go:0070701
IBS.Intolerance.1995.1996.bib	7569757	dyspepsia	Disease	doid:2321
IBS.Intolerance.1995.1996.bib	7569760	irritable bowel syndrome	Disease	doid:9778
IBS.Intolerance.1995.1996.bib	8835892	lactase	Genes/Proteins	ensrnop00000004908
IBS.Intolerance.1995.1996.bib	8835892	hydrogen lactose	Chemical Compound	cids00084571
IBS.Intolerance.1995.1996.bib	8835892	defecation	Biological Process	go:0030421
IBS.Intolerance.1995.1996.bib	8835892	bowel	Tissue	bto:0000648
IBS.Intolerance.1995.1996.bib	8835892	lactose	Chemical Compound	cids00006134
IBS.Intolerance.1995.1996.bib	8835892	irritable bowel syndrome	Disease	doid:9778
IBS.Intolerance.1995.1996.bib	8835892	mucus	Cellular Component	go:0070701
IBS.Intolerance.1995.1996.bib	7548919	lactose	Chemical Compound	cids00084571
IBS.Intolerance.1995.1996.bib	7548919	hydrogen	Chemical Compound	cids05362549
IBS.Intolerance.1995.1996.bib	7548919	irritable bowel syndrome	Disease	doid:9778
IBS.Intolerance.1995.1996.bib	7548919	disease	Disease	doid:4
IBS.Intolerance.2015.2016.bib	26251411	hypersensitivity	Biological Process	go:0002524
IBS.Intolerance.2015.2016.bib	26251411	irritable bowel syndrome	Disease	doid:9778
IBS.Intolerance.2015.2016.bib	26334462	semg	Genes/Proteins	ensp00000389588
IBS.Intolerance.2015.2016.bib	26334462	lactose intolerance	Disease	doid:10604
IBS.Intolerance.2015.2016.bib	26334462	ges	Genes/Proteins	ensgalp00000038582
IBS.Intolerance.2015.2016.bib	25987795	fructose	Chemical Compound	cids00439709
IBS.Intolerance.2015.2016.bib	26550699	lactase	Genes/Proteins	ensbtap00000020185
IBS.Intolerance.2015.2016.bib	26550699	lactose intolerance	Disease	doid:10604
IBS.Intolerance.2015.2016.bib	26550699	methane	Chemical Compound	cids00000297
IBS.Intolerance.2015.2016.bib	26550699	lactase activity	Molecular Function	go:0000016
IBS.Intolerance.2015.2016.bib	26550699	mcm6	Genes/Proteins	fbpp0070913
IBS.Intolerance.2015.2016.bib	26550699	human	Organism	9606
IBS.Intolerance.2015.2016.bib	26550699	irritable bowel syndrome	Disease	doid:9778
IBS.Intolerance.2015.2016.bib	26550699	adult	Tissue	bto:0001043
IBS.Intolerance.2015.2016.bib	26550699	coeliac disease	Disease	doid:10608
IBS.Intolerance.2015.2016.bib	26550699	lactose	Chemical Compound	cids00084571
IBS.Intolerance.2015.2016.bib	26550699	inflammatory bowel diseases	Disease	doid:0050589
IBS.Intolerance.2015.2016.bib	27774805	lactose intolerance	Disease	doid:10604
IBS.Intolerance.2015.2016.bib	27774805	dental caries	Disease	doid:216
IBS.Intolerance.2015.2016.bib	27774805	uric acid	Chemical Compound	cids00001175
IBS.Intolerance.2015.2016.bib	27774805	corn syrup	Chemical Compound	cids00005793
IBS.Intolerance.2015.2016.bib	27774805	fructose-1-phosphate	Chemical Compound	cids00065246
IBS.Intolerance.2015.2016.bib	27774805	transport	Biological Process	go:0006810
IBS.Intolerance.2015.2016.bib	27774805	fructosaemia	Disease	doid:9869
IBS.Intolerance.2015.2016.bib	27774805	fructose	Chemical Compound	cids00439709
IBS.Intolerance.2015.2016.bib	27774805	monosaccharide	Chemical Compound	cids00005143
IBS.Intolerance.2015.2016.bib	27774805	glycolysis	Biological Process	go:0006096
IBS.Intolerance.2015.2016.bib	27774805	xylose-isomerase	Molecular Function	go:0009045
IBS.Intolerance.2015.2016.bib	27774805	small intestine	Tissue	bto:0000651
IBS.Intolerance.2015.2016.bib	27774805	dihydroxyacetone-phosphate	Chemical Compound	cids00000612
IBS.Intolerance.2015.2016.bib	27774805	fruits	Tissue	bto:0000486
IBS.Intolerance.2015.2016.bib	27774805	glucose transporter	Cellular Component	go:1990350
IBS.Intolerance.2015.2016.bib	27774805	lactose	Chemical Compound	cids00084571
IBS.Intolerance.2015.2016.bib	27774805	diphosphate	Chemical Compound	cids00001023
IBS.Intolerance.2015.2016.bib	27774805	intestinal motility	Biological Process	go:0120054
IBS.Intolerance.2015.2016.bib	27774805	biofilm formation	Biological Process	go:0042710
IBS.Intolerance.2015.2016.bib	27774805	orv	Genes/Proteins	ensmusp00000109144
IBS.Intolerance.2015.2016.bib	27774805	liver	Tissue	bto:0000759
IBS.Intolerance.2015.2016.bib	27496265	bjh	Disease	doid:13781
IBS.Intolerance.2015.2016.bib	27316779	irritable bowel syndrome	Disease	doid:9778
IBS.Intolerance.2015.2016.bib	27316779	adults	Tissue	bto:0001043
IBS.Intolerance.2015.2016.bib	26393648	lactase	Genes/Proteins	ensrnop00000004908
IBS.Intolerance.2015.2016.bib	26393648	lactose intolerance	Disease	doid:10604
IBS.Intolerance.2015.2016.bib	26393648	lactose	Chemical Compound	cids00084571
IBS.Intolerance.2015.2016.bib	26393648	gastrointestinal tract	Tissue	bto:0000511
IBS.Intolerance.2015.2016.bib	26393648	diarrhea	Disease	doid:13250
IBS.Intolerance.2015.2016.bib	26393648	irritable bowel syndrome	Disease	doid:9778
IBS.Intolerance.2015.2016.bib	26393648	digestion	Biological Process	go:0007586
IBS.Intolerance.2015.2016.bib	26393648	fermentation	Biological Process	go:0006113
IBS.Intolerance.2015.2016.bib	26167065	hypersensitivity	Biological Process	go:0002524
IBS.Intolerance.2015.2016.bib	26167065	gastrointestinal disorder	Disease	doid:77
IBS.Intolerance.2015.2016.bib	26167065	twins	Genes/Proteins	fbpp0081665
IBS.Intolerance.2015.2016.bib	26167065	obesity	Disease	doid:9970
IBS.Intolerance.2015.2016.bib	26167065	secretion	Biological Process	go:0046903
IBS.Intolerance.2015.2016.bib	26167065	fiber	Tissue	bto:0000450
IBS.Intolerance.2015.2016.bib	26167065	learning	Biological Process	go:0007612
IBS.Intolerance.2015.2016.bib	26167065	irritable bowel syndrome	Disease	doid:9778
IBS.Intolerance.2015.2016.bib	26167065	gastrointestinal endocrine cells	Tissue	bto:0001895
IBS.Intolerance.2015.2016.bib	26167065	food allergy	Disease	doid:3044
IBS.Intolerance.2015.2016.bib	25880820	colon	Tissue	bto:0000269
IBS.Intolerance.2015.2016.bib	25880820	gastrointestinal disorder	Disease	doid:77
IBS.Intolerance.2015.2016.bib	25880820	small intestine	Tissue	bto:0000651
IBS.Intolerance.2015.2016.bib	25880820	large-intestine	Tissue	bto:0000706
IBS.Intolerance.2015.2016.bib	25880820	obesity	Disease	doid:9970
IBS.Intolerance.2015.2016.bib	25880820	bowel	Tissue	bto:0000648
IBS.Intolerance.2015.2016.bib	25880820	hormones	Molecular Function	go:0005179
IBS.Intolerance.2015.2016.bib	25880820	gastrointestinal endocrine cell	Tissue	bto:0001895
IBS.Intolerance.2015.2016.bib	25880820	irritable bowel syndrome	Disease	doid:9778
IBS.Intolerance.2015.2016.bib	25880820	wheat	Organism	4565
IBS.Intolerance.2015.2016.bib	25880820	fermentation	Biological Process	go:0006113
IBS.Intolerance.2015.2016.bib	25880820	food allergy	Disease	doid:3044
IBS.Intolerance.2015.2016.bib	25864343	lactase	Genes/Proteins	ensrnop00000004908
IBS.Intolerance.2015.2016.bib	25864343	bacteria	Organism	1869227
IBS.Intolerance.2015.2016.bib	25864343	pathogenesis	Biological Process	go:0009405
IBS.Intolerance.2015.2016.bib	25864343	irritable bowel syndrome	Disease	doid:9778
IBS.Intolerance.2015.2016.bib	25874506	colitis	Disease	doid:0060180
IBS.Intolerance.2015.2016.bib	25874506	irritable bowel syndrome	Disease	doid:9778
IBS.Intolerance.2015.2016.bib	25874506	disease	Disease	doid:4
IBS.Intolerance.2015.2016.bib	25874506	cancer	Disease	doid:162
IBS.Intolerance.2015.2016.bib	25874506	adult	Tissue	bto:0001043
IBS.Intolerance.2015.2016.bib	28000477	gastrointestinal tract	Tissue	bto:0000511
IBS.Intolerance.2015.2016.bib	28000477	bacteria	Organism	1869227
IBS.Intolerance.2015.2016.bib	28000477	gastroenteritis	Disease	doid:2326
IBS.Intolerance.2015.2016.bib	28000477	cancer	Disease	doid:162
IBS.Intolerance.2015.2016.bib	28000477	helicobacter	Organism	209
IBS.Intolerance.2015.2016.bib	28000477	panorama	Chemical Compound	cids00008174
IBS.Intolerance.2015.2016.bib	28000477	intestines	Tissue	bto:0000648
IBS.Intolerance.2015.2016.bib	28000477	diarrhea	Disease	doid:13250
IBS.Intolerance.2015.2016.bib	28000477	human	Organism	9606
IBS.Intolerance.2015.2016.bib	28000477	colon cancer	Disease	doid:219
IBS.Intolerance.2015.2016.bib	28000477	inflammatory bowel diseases	Disease	doid:0050589
IBS.Intolerance.2015.2016.bib	28000477	disease	Disease	doid:4
IBS.Intolerance.2015.2016.bib	28000477	colorectal cancer	Disease	doid:9256
IBS.Intolerance.2015.2016.bib	26585714	irritable bowel syndrome	Disease	doid:9778
IBS.Intolerance.2015.2016.bib	26585714	gastroenteritis	Disease	doid:2326
IBS.Intolerance.2015.2016.bib	26585714	giardia lamblia	Organism	5741
IBS.Intolerance.2015.2016.bib	26109796	irritable bowel syndrome	Disease	doid:9778
IBS.Intolerance.2015.2016.bib	26109796	pathogenesis	Biological Process	go:0009405
IBS.Intolerance.2015.2016.bib	25694210	fructans	Chemical Compound	cids00440946
IBS.Intolerance.2015.2016.bib	25694210	sorbitol	Chemical Compound	cids00005780
IBS.Intolerance.2015.2016.bib	25694210	lactose	Chemical Compound	cids00084571
IBS.Intolerance.2015.2016.bib	25694210	irritable bowel syndrome	Disease	doid:9778
IBS.Intolerance.2015.2016.bib	25694210	fructose	Chemical Compound	cids00439709
IBS.Intolerance.2015.2016.bib	25694210	bowel	Tissue	bto:0000648
IBS.Intolerance.2015.2016.bib	25694210	polydextrose	Chemical Compound	cids71306906
IBS.Intolerance.2015.2016.bib	25694210	xylitol	Chemical Compound	cids00006912
IBS.Intolerance.2015.2016.bib	25694210	maltitol	Chemical Compound	cids00493591
IBS.Intolerance.2015.2016.bib	25694210	erythritol	Chemical Compound	cids00222285
IBS.Intolerance.2015.2016.bib	25694210	isomalt	Chemical Compound	cids03034828
IBS.Intolerance.2015.2016.bib	25837529	wheat allergy	Disease	doid:3660
IBS.Intolerance.2015.2016.bib	25837529	allergic	Disease	doid:3310
IBS.Intolerance.2015.2016.bib	25837529	synthesis	Biological Process	go:0009058
IBS.Intolerance.2015.2016.bib	25837529	celiac disease	Disease	doid:10608
IBS.Intolerance.2015.2016.bib	25837529	irritable bowel syndrome	Disease	doid:9778
IBS.Intolerance.2015.2016.bib	25837529	wheat	Organism	4565
IBS.Intolerance.2015.2016.bib	26689565	levothyroxine	Chemical Compound	cids00005819
IBS.Intolerance.2015.2016.bib	27603892	lactase	Genes/Proteins	ensrnop00000004908
IBS.Intolerance.2015.2016.bib	27603892	behavior	Biological Process	go:0007610
IBS.Intolerance.2015.2016.bib	27603892	irritable bowel syndrome	Disease	doid:9778
IBS.Intolerance.2015.2016.bib	25753138	coeliac disease	Disease	doid:10608
IBS.Intolerance.2015.2016.bib	26031975	bile acid	Genes/Proteins	ensmusp00000030189
IBS.Intolerance.2015.2016.bib	26031975	sehcat	Chemical Compound	cids03086012
IBS.Intolerance.2015.2016.bib	26031975	colestyramine	Chemical Compound	cids70695640
IBS.Intolerance.2015.2016.bib	26031975	colesevelam	Chemical Compound	cids00160051
IBS.Intolerance.2015.2016.bib	26031975	selenium-75	Chemical Compound	cids06328176
IBS.Intolerance.2015.2016.bib	26031975	response to bile acid	Biological Process	go:1903412
IBS.Intolerance.2015.2016.bib	26031975	taurine	Chemical Compound	cids00001123
IBS.Intolerance.2015.2016.bib	26031975	diarrhoea	Disease	doid:13250
IBS.Intolerance.2015.2016.bib	26031975	irritable bowel syndrome	Disease	doid:9778
IBS.Intolerance.2015.2016.bib	26768639	lactase	Genes/Proteins	ensrnop00000004908
IBS.Intolerance.2015.2016.bib	26768639	short-chain fatty acids	Chemical Compound	cids00517045
IBS.Intolerance.2015.2016.bib	26768639	lactose intolerance	Disease	doid:10604
IBS.Intolerance.2015.2016.bib	26768639	small intestine	Tissue	bto:0000651
IBS.Intolerance.2015.2016.bib	26768639	lactose	Chemical Compound	cids00084571
IBS.Intolerance.2015.2016.bib	26768639	colon	Organism	1542223
IBS.Intolerance.2015.2016.bib	26768639	disease	Disease	doid:4
IBS.Intolerance.2015.2016.bib	26525925	irritable bowel syndrome	Disease	doid:9778
IBS.Intolerance.2015.2016.bib	26525925	diarrhea	Disease	doid:13250
IBS.Intolerance.2015.2016.bib	26525925	bile salt	Chemical Compound	cids00439520
IBS.Intolerance.2015.2016.bib	28028368	adult	Tissue	bto:0001043
IBS.Intolerance.2015.2016.bib	25119830	fibromyalgia	Disease	doid:631
IBS.Intolerance.2015.2016.bib	25119830	lactose	Chemical Compound	cids00084571
IBS.Intolerance.2015.2016.bib	25119830	bowel	Tissue	bto:0000648
IBS.Intolerance.2015.2016.bib	25119830	dyspepsia	Disease	doid:2321
IBS.Intolerance.2015.2016.bib	25119830	giardiasis	Disease	doid:10718
IBS.Intolerance.2015.2016.bib	25119830	irritable bowel syndrome	Disease	doid:9778
IBS.Intolerance.2015.2016.bib	25119830	sleep	Biological Process	go:0030431
IBS.Intolerance.2015.2016.bib	25119830	brain	Tissue	bto:0000142
IBS.Intolerance.2015.2016.bib	26280705	celiac disease	Disease	doid:10608
IBS.Intolerance.2015.2016.bib	27600184	glucose	Chemical Compound	cids53782692
IBS.Intolerance.2015.2016.bib	27600184	fructans	Chemical Compound	cids00440946
IBS.Intolerance.2015.2016.bib	27600184	fructose	Chemical Compound	cids00439709
IBS.Intolerance.2015.2016.bib	27600184	bowel	Tissue	bto:0000648
IBS.Intolerance.2015.2016.bib	25316115	confused	Genes/Proteins	fbpp0088443
IBS.Intolerance.2015.2016.bib	25470082	hydrogen	Chemical Compound	cids05362549
IBS.Intolerance.2015.2016.bib	25470082	irritable bowel syndrome	Disease	doid:9778
IBS.Intolerance.2015.2016.bib	25470082	lactose	Chemical Compound	cids00084571
IBS.Intolerance.2015.2016.bib	26140004	hydrogen	Chemical Compound	cids05362549
IBS.Intolerance.2015.2016.bib	26140004	lactose	Chemical Compound	cids00084571
IBS.Intolerance.2015.2016.bib	26530312	irritable bowel syndrome	Disease	doid:9778
IBS.Intolerance.2015.2016.bib	26530312	inflammatory bowel disease	Disease	doid:0050589
IBS.Intolerance.2015.2016.bib	27254047	lactose	Chemical Compound	cids00084571
IBS.Intolerance.2015.2016.bib	27254047	fructose	Chemical Compound	cids00439709
